-- phpMyAdmin SQL Dump
-- version 4.7.3
-- https://www.phpmyadmin.net/
--
-- Хост: 127.0.0.1:3306
-- Время создания: Окт 01 2017 г., 21:27
-- Версия сервера: 5.6.37-log
-- Версия PHP: 7.0.21

SET SQL_MODE = "NO_AUTO_VALUE_ON_ZERO";
SET AUTOCOMMIT = 0;
START TRANSACTION;
SET time_zone = "+00:00";


/*!40101 SET @OLD_CHARACTER_SET_CLIENT=@@CHARACTER_SET_CLIENT */;
/*!40101 SET @OLD_CHARACTER_SET_RESULTS=@@CHARACTER_SET_RESULTS */;
/*!40101 SET @OLD_COLLATION_CONNECTION=@@COLLATION_CONNECTION */;
/*!40101 SET NAMES utf8mb4 */;

--
-- База данных: `cko`
--

-- --------------------------------------------------------

--
-- Структура таблицы `groups`
--

CREATE TABLE `groups` (
  `g_id` int(11) NOT NULL,
  `g_name` varchar(16) NOT NULL
) ENGINE=InnoDB DEFAULT CHARSET=utf8;

--
-- Дамп данных таблицы `groups`
--

INSERT INTO `groups` (`g_id`, `g_name`) VALUES
(1, 'WT-1'),
(2, 'WT-2'),
(3, 'WT-3'),
(4, 'ПР-1'),
(5, 'ПР-21'),
(6, 'ПР-22'),
(7, 'ПР-31'),
(8, 'ПР-32'),
(9, 'ПР-41'),
(10, 'ОП-1'),
(11, 'СА-1'),
(12, 'СА-2'),
(13, 'СА-3'),
(14, 'СА-4');

-- --------------------------------------------------------

--
-- Структура таблицы `study`
--

CREATE TABLE `study` (
  `s_id` int(11) NOT NULL,
  `s_u_id` int(11) NOT NULL,
  `s_g_id` int(11) NOT NULL
) ENGINE=InnoDB DEFAULT CHARSET=utf8;

--
-- Дамп данных таблицы `study`
--

INSERT INTO `study` (`s_id`, `s_u_id`, `s_g_id`) VALUES
(1073, 1, 1),
(29, 1, 8),
(535, 1, 10),
(71, 2, 4),
(486, 2, 7),
(637, 2, 11),
(472, 3, 1),
(755, 3, 6),
(851, 4, 9),
(725, 4, 14),
(1030, 5, 2),
(301, 6, 3),
(161, 6, 4),
(418, 7, 1),
(430, 8, 3),
(713, 8, 13),
(536, 9, 5),
(753, 9, 8),
(308, 9, 12),
(277, 10, 4),
(399, 10, 6),
(171, 10, 10),
(702, 10, 14),
(281, 11, 2),
(1012, 11, 4),
(304, 11, 8),
(938, 12, 5),
(411, 12, 10),
(516, 13, 2),
(654, 13, 4),
(778, 13, 8),
(868, 14, 5),
(349, 14, 7),
(223, 14, 9),
(294, 15, 7),
(957, 15, 10),
(298, 16, 3),
(97, 16, 6),
(487, 16, 7),
(138, 17, 6),
(838, 18, 2),
(939, 18, 6),
(406, 18, 8),
(384, 18, 10),
(84, 20, 3),
(821, 20, 8),
(664, 20, 13),
(1070, 21, 13),
(66, 22, 4),
(63, 22, 8),
(788, 22, 9),
(972, 23, 9),
(135, 23, 14),
(33, 25, 8),
(310, 25, 14),
(728, 26, 3),
(373, 26, 12),
(781, 27, 10),
(508, 28, 2),
(79, 28, 3),
(131, 28, 5),
(169, 28, 6),
(669, 28, 7),
(102, 29, 7),
(625, 29, 11),
(453, 30, 2),
(139, 30, 3),
(323, 30, 11),
(515, 31, 3),
(187, 31, 11),
(646, 32, 2),
(220, 32, 3),
(792, 32, 7),
(354, 32, 9),
(941, 33, 2),
(707, 33, 9),
(631, 33, 10),
(229, 33, 11),
(560, 34, 10),
(68, 34, 11),
(593, 34, 12),
(899, 35, 1),
(420, 35, 14),
(551, 38, 2),
(856, 38, 11),
(907, 38, 12),
(671, 39, 3),
(505, 39, 5),
(955, 39, 7),
(812, 40, 4),
(989, 42, 7),
(1018, 42, 8),
(640, 42, 11),
(663, 44, 1),
(562, 44, 8),
(698, 44, 14),
(494, 45, 4),
(22, 45, 7),
(199, 45, 9),
(454, 46, 1),
(1052, 46, 2),
(873, 46, 3),
(378, 46, 6),
(457, 47, 6),
(2, 47, 12),
(497, 48, 1),
(511, 48, 2),
(32, 48, 4),
(58, 48, 12),
(984, 50, 4),
(718, 50, 5),
(236, 50, 6),
(25, 50, 10),
(205, 52, 3),
(1083, 52, 13),
(465, 53, 2),
(347, 53, 10),
(116, 54, 9),
(8, 54, 11),
(491, 55, 7),
(1048, 55, 8),
(350, 56, 1),
(530, 56, 5),
(40, 57, 6),
(290, 58, 2),
(1014, 58, 4),
(816, 58, 11),
(262, 59, 1),
(365, 59, 10),
(615, 59, 12),
(144, 59, 14),
(1028, 60, 5),
(188, 61, 5),
(970, 62, 3),
(645, 63, 5),
(490, 64, 12),
(330, 65, 1),
(798, 65, 2),
(896, 65, 13),
(136, 66, 5),
(751, 66, 8),
(421, 66, 14),
(596, 67, 6),
(369, 68, 5),
(794, 69, 4),
(1082, 69, 12),
(168, 69, 13),
(474, 71, 10),
(288, 72, 6),
(123, 72, 10),
(70, 73, 1),
(154, 73, 2),
(337, 73, 5),
(959, 73, 9),
(382, 74, 1),
(1020, 74, 5),
(31, 74, 12),
(459, 75, 14),
(759, 76, 1),
(661, 76, 10),
(264, 77, 12),
(975, 78, 4),
(726, 78, 10),
(249, 78, 12),
(845, 79, 2),
(732, 79, 6),
(51, 79, 14),
(147, 80, 3),
(891, 80, 6),
(296, 80, 7),
(125, 80, 11),
(908, 80, 14),
(679, 81, 8),
(580, 81, 14),
(400, 82, 2),
(932, 82, 3),
(558, 82, 6),
(213, 82, 14),
(431, 83, 5),
(226, 83, 10),
(435, 83, 12),
(531, 84, 1),
(830, 84, 3),
(630, 85, 3),
(617, 85, 10),
(1005, 86, 9),
(201, 86, 13),
(782, 87, 6),
(241, 87, 8),
(819, 87, 10),
(601, 87, 11),
(327, 88, 1),
(915, 88, 13),
(392, 89, 6),
(55, 90, 1),
(332, 90, 2),
(424, 92, 1),
(1090, 92, 2),
(43, 92, 8),
(209, 92, 9),
(757, 93, 5),
(445, 93, 11),
(283, 94, 9),
(544, 95, 7),
(655, 96, 2),
(837, 96, 8),
(748, 96, 9),
(1086, 98, 5),
(613, 99, 3),
(479, 99, 6),
(309, 99, 9),
(811, 100, 4),
(111, 101, 3),
(87, 101, 6),
(628, 101, 12),
(520, 101, 14),
(743, 102, 3),
(1051, 102, 5),
(132, 102, 10),
(905, 103, 11),
(484, 103, 13),
(552, 104, 9),
(269, 105, 10),
(1095, 105, 13),
(656, 106, 3),
(157, 106, 7),
(342, 106, 10),
(172, 106, 11),
(402, 107, 6),
(765, 107, 10),
(113, 107, 12),
(319, 108, 4),
(700, 108, 8),
(162, 109, 3),
(391, 109, 10),
(429, 111, 3),
(11, 112, 1),
(246, 112, 3),
(412, 112, 9),
(81, 112, 13),
(682, 113, 7),
(648, 113, 8),
(59, 113, 9),
(64, 114, 8),
(522, 114, 10),
(335, 114, 14),
(680, 116, 3),
(1010, 116, 5),
(825, 116, 13),
(42, 117, 5),
(112, 118, 14),
(887, 119, 6),
(800, 119, 9),
(30, 120, 1),
(477, 120, 7),
(779, 120, 11),
(827, 121, 5),
(776, 124, 1),
(361, 124, 4),
(846, 124, 8),
(807, 124, 13),
(36, 125, 8),
(927, 125, 13),
(345, 126, 4),
(808, 127, 10),
(978, 129, 1),
(912, 129, 5),
(1029, 129, 12),
(478, 130, 3),
(455, 130, 6),
(919, 130, 11),
(1078, 130, 13),
(1092, 131, 9),
(15, 131, 11),
(805, 132, 7),
(909, 132, 9),
(183, 133, 6),
(797, 133, 7),
(98, 134, 11),
(767, 134, 12),
(219, 135, 8),
(844, 136, 5),
(904, 136, 9),
(934, 136, 13),
(363, 137, 5),
(320, 137, 9),
(62, 139, 2),
(936, 139, 4),
(1046, 139, 13),
(926, 140, 5),
(1065, 141, 1),
(1026, 141, 4),
(133, 141, 5),
(380, 141, 11),
(368, 142, 2),
(1045, 142, 3),
(649, 142, 4),
(14, 142, 5),
(1056, 142, 10),
(987, 143, 4),
(762, 144, 10),
(215, 144, 11),
(871, 145, 8),
(306, 145, 10),
(442, 146, 2),
(950, 146, 6),
(268, 146, 7),
(436, 146, 10),
(92, 146, 12),
(1032, 148, 3),
(510, 148, 4),
(597, 148, 7),
(122, 148, 8),
(644, 149, 13),
(996, 150, 2),
(742, 150, 12),
(1064, 151, 12),
(519, 152, 1),
(1007, 152, 4),
(35, 152, 5),
(684, 153, 14),
(149, 154, 11),
(419, 155, 3),
(569, 155, 7),
(333, 157, 3),
(686, 157, 8),
(611, 157, 9),
(331, 157, 12),
(212, 157, 14),
(958, 158, 5),
(274, 158, 7),
(803, 159, 1),
(34, 159, 4),
(916, 159, 6),
(924, 159, 12),
(287, 160, 8),
(995, 161, 7),
(576, 161, 11),
(874, 162, 2),
(763, 162, 4),
(910, 162, 9),
(1015, 162, 12),
(1097, 162, 14),
(108, 163, 1),
(115, 163, 5),
(105, 163, 11),
(211, 164, 8),
(493, 164, 10),
(550, 164, 12),
(693, 165, 2),
(624, 165, 3),
(997, 165, 10),
(89, 165, 11),
(962, 166, 11),
(662, 166, 13),
(234, 166, 14),
(74, 167, 3),
(935, 167, 4),
(882, 167, 6),
(595, 168, 6),
(858, 168, 14),
(687, 169, 2),
(127, 169, 7),
(538, 170, 6),
(245, 171, 5),
(196, 171, 9),
(883, 171, 14),
(979, 172, 3),
(218, 172, 12),
(1047, 173, 2),
(566, 173, 5),
(583, 173, 11),
(60, 174, 1),
(325, 174, 9),
(1080, 174, 10),
(1084, 174, 11),
(155, 176, 7),
(311, 176, 11),
(101, 177, 4),
(358, 177, 12),
(850, 179, 2),
(78, 179, 7),
(902, 180, 7),
(809, 180, 9),
(393, 181, 12),
(683, 182, 2),
(911, 182, 12),
(923, 184, 3),
(832, 184, 12),
(735, 185, 2),
(253, 185, 11),
(343, 187, 2),
(367, 187, 13),
(999, 188, 13),
(892, 188, 14),
(880, 189, 5),
(208, 190, 8),
(224, 191, 5),
(244, 191, 7),
(166, 191, 12),
(898, 192, 5),
(604, 193, 1),
(100, 193, 7),
(780, 193, 10),
(278, 193, 12),
(948, 193, 13),
(575, 194, 1),
(158, 194, 4),
(710, 194, 7),
(67, 194, 8),
(750, 194, 9),
(313, 194, 14),
(647, 195, 6),
(178, 196, 11),
(259, 196, 13),
(451, 197, 5),
(974, 199, 10),
(573, 199, 11),
(182, 200, 5),
(591, 200, 10),
(835, 201, 3),
(1088, 201, 12),
(651, 202, 9),
(20, 202, 11),
(665, 202, 13),
(699, 203, 4),
(1027, 203, 9),
(204, 203, 12),
(724, 204, 3),
(606, 204, 6),
(47, 204, 11),
(517, 207, 12),
(518, 208, 6),
(146, 209, 8),
(620, 210, 5),
(293, 210, 7),
(1063, 210, 9),
(397, 210, 10),
(1066, 211, 11),
(285, 212, 7),
(906, 212, 14),
(190, 213, 4),
(464, 213, 9),
(893, 213, 10),
(480, 214, 7),
(1041, 215, 7),
(426, 215, 9),
(981, 215, 14),
(711, 216, 2),
(142, 216, 8),
(266, 216, 12),
(557, 217, 3),
(91, 217, 6),
(271, 217, 8),
(834, 217, 12),
(754, 218, 7),
(708, 218, 12),
(1060, 219, 1),
(439, 219, 2),
(235, 219, 4),
(44, 219, 6),
(553, 220, 2),
(1023, 220, 8),
(533, 221, 3),
(572, 221, 4),
(137, 221, 5),
(326, 221, 6),
(95, 221, 11),
(638, 223, 6),
(859, 225, 2),
(605, 225, 7),
(284, 226, 5),
(85, 226, 7),
(982, 227, 1),
(1003, 227, 14),
(722, 230, 3),
(471, 230, 7),
(945, 230, 9),
(889, 231, 1),
(814, 231, 11),
(57, 233, 7),
(886, 234, 8),
(1079, 234, 9),
(134, 235, 6),
(913, 235, 10),
(52, 236, 4),
(720, 236, 11),
(1037, 237, 9),
(1081, 237, 11),
(629, 237, 12),
(841, 238, 2),
(736, 238, 8),
(756, 238, 10),
(775, 238, 11),
(260, 239, 7),
(203, 239, 10),
(612, 240, 10),
(709, 241, 2),
(409, 241, 6),
(770, 242, 6),
(181, 243, 2),
(635, 244, 3),
(826, 244, 6),
(485, 244, 10),
(543, 246, 5),
(506, 246, 12),
(971, 247, 6),
(179, 247, 9),
(50, 247, 12),
(532, 248, 1),
(186, 248, 4),
(275, 248, 12),
(1025, 249, 4),
(176, 249, 8),
(1093, 249, 12),
(716, 250, 1),
(817, 250, 13),
(563, 251, 7),
(659, 252, 10),
(206, 253, 9),
(1058, 253, 10),
(598, 254, 1),
(252, 254, 7),
(785, 254, 14),
(383, 255, 3),
(947, 255, 5),
(943, 255, 12),
(1043, 256, 8),
(256, 256, 9),
(1072, 257, 5),
(27, 258, 5),
(140, 259, 3),
(961, 259, 6),
(839, 259, 7),
(297, 259, 9),
(18, 260, 9),
(976, 260, 12),
(502, 261, 8),
(992, 261, 10),
(164, 262, 6),
(567, 262, 8),
(461, 263, 3),
(555, 264, 1),
(618, 264, 4),
(458, 265, 7),
(795, 266, 1),
(556, 266, 9),
(286, 268, 6),
(626, 268, 8),
(922, 268, 10),
(878, 268, 12),
(706, 268, 13),
(689, 269, 3),
(897, 269, 8),
(602, 270, 2),
(633, 270, 8),
(621, 270, 10),
(991, 271, 12),
(282, 272, 8),
(796, 273, 8),
(432, 273, 9),
(623, 273, 10),
(599, 273, 12),
(657, 274, 3),
(901, 274, 5),
(1001, 276, 7),
(585, 277, 10),
(61, 277, 11),
(677, 277, 14),
(734, 278, 8),
(833, 278, 10),
(994, 279, 4),
(985, 279, 7),
(512, 280, 10),
(831, 280, 11),
(903, 281, 3),
(594, 281, 4),
(153, 281, 13),
(214, 281, 14),
(564, 283, 7),
(523, 284, 7),
(571, 285, 2),
(847, 286, 6),
(46, 286, 9),
(772, 286, 10),
(5, 286, 13),
(318, 287, 7),
(917, 287, 10),
(118, 288, 7),
(769, 288, 12),
(561, 289, 6),
(303, 290, 7),
(270, 290, 10),
(381, 291, 11),
(529, 293, 7),
(340, 293, 12),
(469, 293, 14),
(45, 295, 3),
(1044, 295, 4),
(688, 296, 11),
(766, 297, 9),
(16, 297, 14),
(41, 298, 2),
(998, 298, 3),
(705, 298, 13),
(21, 299, 4),
(107, 301, 2),
(764, 301, 10),
(1087, 302, 10),
(967, 302, 12),
(527, 303, 4),
(93, 303, 7),
(768, 303, 12),
(1013, 304, 5),
(701, 304, 10),
(930, 304, 11),
(695, 305, 13),
(652, 306, 6),
(351, 306, 7),
(476, 306, 11),
(731, 307, 14),
(641, 308, 1),
(324, 308, 6),
(433, 308, 10),
(377, 309, 2),
(565, 309, 9),
(875, 309, 12),
(869, 310, 3),
(160, 310, 5),
(72, 310, 8),
(806, 312, 3),
(650, 313, 2),
(104, 313, 3),
(401, 313, 11),
(1068, 313, 12),
(810, 313, 13),
(918, 315, 4),
(191, 315, 6),
(117, 315, 13),
(745, 315, 14),
(329, 316, 3),
(76, 316, 7),
(525, 316, 10),
(170, 316, 11),
(577, 317, 3),
(413, 317, 7),
(10, 317, 14),
(1021, 318, 10),
(729, 318, 14),
(197, 319, 2),
(498, 319, 9),
(944, 319, 12),
(578, 319, 14),
(272, 320, 1),
(163, 320, 14),
(207, 321, 2),
(75, 321, 9),
(822, 321, 10),
(200, 322, 1),
(685, 322, 3),
(355, 322, 6),
(110, 323, 11),
(547, 323, 12),
(492, 323, 14),
(1031, 324, 8),
(739, 325, 4),
(232, 325, 10),
(507, 326, 1),
(614, 326, 3),
(513, 327, 5),
(931, 327, 10),
(1076, 327, 11),
(1024, 327, 14),
(372, 328, 4),
(334, 328, 12),
(305, 328, 13),
(23, 329, 3),
(843, 329, 5),
(228, 330, 4),
(733, 331, 7),
(243, 331, 13),
(799, 332, 1),
(339, 332, 2),
(466, 332, 5),
(328, 333, 9),
(273, 333, 14),
(1033, 334, 1),
(416, 334, 6),
(444, 334, 14),
(627, 335, 11),
(360, 336, 4),
(723, 336, 14),
(449, 337, 7),
(148, 338, 9),
(1096, 338, 12),
(422, 339, 3),
(1011, 339, 9),
(156, 339, 14),
(852, 340, 1),
(56, 340, 8),
(639, 341, 14),
(534, 342, 3),
(966, 342, 12),
(1006, 342, 14),
(890, 343, 2),
(1061, 343, 6),
(414, 343, 9),
(528, 344, 3),
(1053, 344, 7),
(514, 344, 8),
(456, 345, 3),
(570, 345, 8),
(953, 346, 3),
(120, 346, 11),
(427, 346, 13),
(177, 347, 3),
(385, 347, 9),
(250, 347, 14),
(823, 348, 4),
(121, 348, 9),
(109, 348, 10),
(488, 348, 12),
(667, 348, 14),
(438, 349, 10),
(184, 351, 1),
(145, 352, 4),
(389, 352, 5),
(862, 352, 11),
(1042, 353, 1),
(230, 353, 2),
(988, 353, 14),
(489, 354, 7),
(836, 354, 9),
(73, 355, 10),
(802, 355, 12),
(165, 355, 14),
(321, 356, 10),
(774, 356, 11),
(248, 357, 5),
(473, 357, 8),
(584, 357, 11),
(879, 359, 6),
(853, 359, 7),
(855, 359, 9),
(616, 360, 6),
(3, 360, 10),
(174, 360, 12),
(119, 361, 4),
(1002, 361, 8),
(446, 361, 9),
(195, 362, 2),
(842, 362, 11),
(312, 363, 9),
(588, 363, 10),
(387, 364, 8),
(362, 365, 6),
(405, 365, 11),
(398, 365, 13),
(579, 365, 14),
(395, 366, 6),
(202, 366, 9),
(39, 366, 10),
(257, 366, 12),
(38, 367, 2),
(124, 367, 3),
(784, 367, 4),
(771, 367, 6),
(49, 367, 7),
(159, 367, 10),
(443, 367, 14),
(589, 368, 3),
(712, 368, 4),
(986, 368, 6),
(450, 369, 1),
(150, 369, 3),
(1057, 369, 7),
(963, 369, 12),
(376, 369, 13),
(1004, 370, 3),
(370, 370, 10),
(582, 370, 11),
(666, 370, 12),
(894, 371, 11),
(744, 371, 13),
(346, 372, 4),
(17, 372, 8),
(180, 373, 1),
(777, 373, 8),
(12, 373, 12),
(884, 374, 7),
(26, 374, 10),
(440, 375, 3),
(749, 375, 10),
(949, 376, 1),
(559, 376, 3),
(388, 376, 4),
(54, 376, 9),
(193, 376, 14),
(740, 377, 7),
(993, 379, 9),
(240, 380, 1),
(428, 380, 5),
(738, 380, 6),
(928, 380, 9),
(840, 380, 12),
(956, 381, 3),
(504, 381, 7),
(501, 382, 5),
(189, 382, 11),
(338, 383, 6),
(872, 383, 7),
(390, 383, 11),
(581, 385, 9),
(697, 385, 10),
(660, 385, 12),
(129, 386, 2),
(668, 386, 4),
(103, 387, 6),
(568, 387, 11),
(357, 388, 4),
(53, 388, 9),
(929, 389, 11),
(603, 389, 13),
(783, 389, 14),
(946, 391, 5),
(1040, 391, 6),
(951, 391, 9),
(747, 391, 10),
(607, 392, 4),
(968, 392, 6),
(632, 392, 14),
(233, 393, 14),
(239, 394, 1),
(1049, 394, 9),
(13, 394, 10),
(1000, 395, 1),
(386, 395, 9),
(217, 396, 1),
(65, 396, 4),
(509, 396, 11),
(198, 397, 10),
(238, 397, 13),
(292, 398, 3),
(696, 398, 4),
(865, 398, 12),
(448, 399, 10),
(447, 401, 2),
(173, 401, 3),
(1071, 401, 8),
(983, 401, 14),
(854, 402, 6),
(462, 402, 14),
(496, 403, 3),
(914, 404, 2),
(760, 404, 8),
(247, 404, 9),
(1, 405, 5),
(1074, 405, 13),
(674, 406, 13),
(94, 407, 10),
(463, 407, 12),
(379, 408, 13),
(801, 408, 14),
(167, 409, 1),
(221, 409, 7),
(758, 409, 13),
(829, 410, 10),
(824, 410, 12),
(715, 411, 3),
(1034, 411, 6),
(6, 411, 10),
(937, 411, 12),
(521, 412, 1),
(19, 412, 9),
(1085, 412, 14),
(554, 414, 1),
(636, 414, 6),
(307, 415, 4),
(279, 415, 13),
(888, 416, 2),
(403, 416, 7),
(542, 417, 11),
(737, 418, 2),
(1055, 418, 11),
(773, 418, 12),
(691, 419, 2),
(692, 419, 4),
(348, 419, 7),
(524, 420, 1),
(322, 420, 2),
(787, 420, 4),
(549, 421, 7),
(653, 421, 10),
(242, 421, 11),
(952, 422, 6),
(704, 422, 12),
(541, 423, 7),
(900, 423, 8),
(441, 424, 3),
(143, 424, 10),
(1094, 426, 1),
(940, 426, 8),
(126, 426, 10),
(752, 427, 4),
(895, 427, 10),
(990, 427, 13),
(813, 428, 3),
(673, 428, 4),
(80, 428, 7),
(1016, 428, 10),
(299, 428, 12),
(96, 429, 5),
(470, 430, 5),
(468, 430, 9),
(231, 430, 11),
(539, 430, 12),
(610, 431, 7),
(789, 432, 3),
(793, 433, 2),
(210, 433, 7),
(302, 434, 14),
(574, 435, 12),
(861, 436, 7),
(364, 436, 10),
(341, 437, 7),
(374, 437, 12),
(609, 438, 6),
(526, 439, 1),
(818, 442, 6),
(954, 443, 12),
(452, 444, 3),
(634, 445, 4),
(804, 445, 6),
(1022, 445, 14),
(77, 446, 3),
(258, 446, 10),
(960, 446, 13),
(545, 447, 7),
(316, 447, 9),
(314, 447, 10),
(375, 447, 14),
(267, 448, 4),
(885, 448, 12),
(315, 449, 13),
(681, 450, 5),
(1008, 450, 6),
(265, 451, 8),
(336, 451, 9),
(965, 452, 1),
(295, 452, 6),
(28, 452, 10),
(352, 453, 6),
(237, 453, 10),
(437, 454, 2),
(786, 455, 3),
(741, 455, 10),
(546, 456, 14),
(86, 457, 5),
(481, 457, 9),
(1089, 458, 2),
(407, 458, 5),
(1017, 461, 4),
(1062, 461, 8),
(24, 462, 2),
(255, 462, 5),
(815, 462, 14),
(69, 463, 9),
(185, 463, 10),
(500, 464, 1),
(586, 464, 13),
(860, 466, 10),
(4, 466, 13),
(356, 467, 2),
(1036, 467, 4),
(106, 467, 8),
(417, 467, 11),
(88, 468, 6),
(969, 469, 6),
(730, 469, 8),
(1009, 470, 1),
(366, 471, 2),
(194, 471, 3),
(475, 471, 11),
(114, 471, 12),
(410, 471, 14),
(537, 472, 9),
(359, 473, 2),
(90, 473, 6),
(619, 473, 9),
(152, 473, 10),
(717, 474, 3),
(870, 474, 8),
(977, 475, 1),
(276, 475, 6),
(592, 475, 10),
(1039, 475, 11),
(1075, 476, 1),
(590, 476, 3),
(460, 476, 6),
(608, 476, 8),
(980, 477, 12),
(353, 477, 13),
(863, 478, 14),
(216, 479, 14),
(7, 480, 9),
(495, 480, 11),
(877, 481, 9),
(222, 481, 12),
(482, 482, 8),
(876, 483, 13),
(82, 484, 8),
(280, 485, 4),
(289, 486, 1),
(99, 486, 3),
(48, 487, 7),
(703, 487, 13),
(678, 488, 8),
(291, 488, 9),
(317, 488, 11),
(933, 488, 14),
(483, 489, 1),
(425, 489, 12),
(9, 490, 1),
(881, 490, 4),
(503, 490, 5),
(790, 490, 8),
(251, 490, 12),
(964, 491, 6),
(675, 491, 7),
(344, 491, 8),
(670, 491, 14),
(300, 493, 1),
(690, 493, 7),
(719, 493, 8),
(867, 493, 13),
(828, 494, 12),
(1059, 495, 4),
(849, 495, 5),
(128, 495, 8),
(423, 495, 11),
(225, 496, 3),
(130, 496, 11),
(83, 496, 13),
(694, 497, 1),
(175, 497, 9),
(408, 497, 11),
(261, 497, 12),
(1019, 498, 8),
(848, 498, 12),
(37, 499, 7),
(371, 499, 8),
(141, 499, 10),
(540, 499, 13),
(864, 500, 9),
(467, 500, 11),
(761, 500, 12),
(254, 500, 13);

-- --------------------------------------------------------

--
-- Структура таблицы `users`
--

CREATE TABLE `users` (
  `u_id` int(11) NOT NULL,
  `u_firstname` varchar(32) NOT NULL,
  `u_lastname` varchar(32) NOT NULL,
  `u_patronymic` varchar(32) NOT NULL,
  `u_login` varchar(16) NOT NULL,
  `u_password` varchar(32) NOT NULL,
  `u_email` varchar(32) NOT NULL
) ENGINE=InnoDB DEFAULT CHARSET=utf8;

--
-- Дамп данных таблицы `users`
--

INSERT INTO `users` (`u_id`, `u_firstname`, `u_lastname`, `u_patronymic`, `u_login`, `u_password`, `u_email`) VALUES
(1, 'Елена', 'Кузьмина', 'Андреевна', 'u1', 'b2d988b589453487b6c51624394fa0af', 'u1@cko-do.ru'),
(2, 'Мария', 'Васильева', 'Андреевна', 'u2', 'b2d988b589453487b6c51624394fa0af', 'u2@cko-do.ru'),
(3, 'Иван', 'Николаев', 'Антонович', 'u3', 'b2d988b589453487b6c51624394fa0af', 'u3@cko-do.ru'),
(4, 'Мария', 'Кузьмина', 'Антоновна', 'u4', 'b2d988b589453487b6c51624394fa0af', 'u4@cko-do.ru'),
(5, 'Наталия', 'Васильева', 'Антоновна', 'u5', 'b2d988b589453487b6c51624394fa0af', 'u5@cko-do.ru'),
(6, 'Ксения', 'Петрова', 'Сергеевна', 'u6', 'b2d988b589453487b6c51624394fa0af', 'u6@cko-do.ru'),
(7, 'Елена', 'Кузьмина', 'Максимовна', 'u7', 'b2d988b589453487b6c51624394fa0af', 'u7@cko-do.ru'),
(8, 'Андрей', 'Степанов', 'Антонович', 'u8', 'b2d988b589453487b6c51624394fa0af', 'u8@cko-do.ru'),
(9, 'Юлия', 'Иванова', 'Петровна', 'u9', 'b2d988b589453487b6c51624394fa0af', 'u9@cko-do.ru'),
(10, 'Светлана', 'Васильева', 'Александровна', 'u10', 'b2d988b589453487b6c51624394fa0af', 'u10@cko-do.ru'),
(11, 'Сергей', 'Волков', 'Антонович', 'u11', 'b2d988b589453487b6c51624394fa0af', 'u11@cko-do.ru'),
(12, 'Мария', 'Федотова', 'Николаевна', 'u12', 'b2d988b589453487b6c51624394fa0af', 'u12@cko-do.ru'),
(13, 'Иван', 'Голичников', 'Олегович', 'u13', 'b2d988b589453487b6c51624394fa0af', 'u13@cko-do.ru'),
(14, 'Николай', 'Миронов', 'Андреевич', 'u14', 'b2d988b589453487b6c51624394fa0af', 'u14@cko-do.ru'),
(15, 'Сергей', 'Волков', 'Андреевич', 'u15', 'b2d988b589453487b6c51624394fa0af', 'u15@cko-do.ru'),
(16, 'Елизавета', 'Петрова', 'Антоновна', 'u16', 'b2d988b589453487b6c51624394fa0af', 'u16@cko-do.ru'),
(17, 'Артём', 'Морозов', 'Николаевич', 'u17', 'b2d988b589453487b6c51624394fa0af', 'u17@cko-do.ru'),
(18, 'Александр', 'Михайлов', 'Александрович', 'u18', 'b2d988b589453487b6c51624394fa0af', 'u18@cko-do.ru'),
(19, 'Наталия', 'Шумилова', 'Андреевна', 'u19', 'b2d988b589453487b6c51624394fa0af', 'u19@cko-do.ru'),
(20, 'Елена', 'Степанова', 'Андреевна', 'u20', 'b2d988b589453487b6c51624394fa0af', 'u20@cko-do.ru'),
(21, 'Олег', 'Николаев', 'Олегович', 'u21', 'b2d988b589453487b6c51624394fa0af', 'u21@cko-do.ru'),
(22, 'Максим', 'Голичников', 'Олегович', 'u22', 'b2d988b589453487b6c51624394fa0af', 'u22@cko-do.ru'),
(23, 'Максим', 'Козырев', 'Сергеевич', 'u23', 'b2d988b589453487b6c51624394fa0af', 'u23@cko-do.ru'),
(24, 'Владимир', 'Карпов', 'Петрович', 'u24', 'b2d988b589453487b6c51624394fa0af', 'u24@cko-do.ru'),
(25, 'Мария', 'Жукова', 'Владимировна', 'u25', 'b2d988b589453487b6c51624394fa0af', 'u25@cko-do.ru'),
(26, 'Александр', 'Карпов', 'Олегович', 'u26', 'b2d988b589453487b6c51624394fa0af', 'u26@cko-do.ru'),
(27, 'Мария', 'Иванова', 'Сергеевна', 'u27', 'b2d988b589453487b6c51624394fa0af', 'u27@cko-do.ru'),
(28, 'Владимир', 'Волков', 'Андреевич', 'u28', 'b2d988b589453487b6c51624394fa0af', 'u28@cko-do.ru'),
(29, 'Артём', 'Волков', 'Петрович', 'u29', 'b2d988b589453487b6c51624394fa0af', 'u29@cko-do.ru'),
(30, 'Владимир', 'Попов', 'Сергеевич', 'u30', 'b2d988b589453487b6c51624394fa0af', 'u30@cko-do.ru'),
(31, 'Николай', 'Цветков', 'Александрович', 'u31', 'b2d988b589453487b6c51624394fa0af', 'u31@cko-do.ru'),
(32, 'Елена', 'Жукова', 'Владимировна', 'u32', 'b2d988b589453487b6c51624394fa0af', 'u32@cko-do.ru'),
(33, 'Наталия', 'Степанова', 'Петровна', 'u33', 'b2d988b589453487b6c51624394fa0af', 'u33@cko-do.ru'),
(34, 'Елизавета', 'Иванова', 'Антоновна', 'u34', 'b2d988b589453487b6c51624394fa0af', 'u34@cko-do.ru'),
(35, 'Юлия', 'Петрова', 'Александровна', 'u35', 'b2d988b589453487b6c51624394fa0af', 'u35@cko-do.ru'),
(36, 'Иван', 'Голичников', 'Олегович', 'u36', 'b2d988b589453487b6c51624394fa0af', 'u36@cko-do.ru'),
(37, 'Максим', 'Волков', 'Александрович', 'u37', 'b2d988b589453487b6c51624394fa0af', 'u37@cko-do.ru'),
(38, 'Иван', 'Попов', 'Олегович', 'u38', 'b2d988b589453487b6c51624394fa0af', 'u38@cko-do.ru'),
(39, 'Инна', 'Васильева', 'Сергеевна', 'u39', 'b2d988b589453487b6c51624394fa0af', 'u39@cko-do.ru'),
(40, 'Дмитрий', 'Цветков', 'Андреевич', 'u40', 'b2d988b589453487b6c51624394fa0af', 'u40@cko-do.ru'),
(41, 'Татьяна', 'Шумилова', 'Максимовна', 'u41', 'b2d988b589453487b6c51624394fa0af', 'u41@cko-do.ru'),
(42, 'Пётр', 'Степанов', 'Сергеевич', 'u42', 'b2d988b589453487b6c51624394fa0af', 'u42@cko-do.ru'),
(43, 'Артём', 'Волков', 'Максимович', 'u43', 'b2d988b589453487b6c51624394fa0af', 'u43@cko-do.ru'),
(44, 'Артём', 'Цветков', 'Николаевич', 'u44', 'b2d988b589453487b6c51624394fa0af', 'u44@cko-do.ru'),
(45, 'Сергей', 'Козырев', 'Александрович', 'u45', 'b2d988b589453487b6c51624394fa0af', 'u45@cko-do.ru'),
(46, 'Светлана', 'Петрова', 'Владимировна', 'u46', 'b2d988b589453487b6c51624394fa0af', 'u46@cko-do.ru'),
(47, 'Инна', 'Петрова', 'Владимировна', 'u47', 'b2d988b589453487b6c51624394fa0af', 'u47@cko-do.ru'),
(48, 'Александр', 'Волков', 'Антонович', 'u48', 'b2d988b589453487b6c51624394fa0af', 'u48@cko-do.ru'),
(49, 'Пётр', 'Николаев', 'Андреевич', 'u49', 'b2d988b589453487b6c51624394fa0af', 'u49@cko-do.ru'),
(50, 'Мария', 'Петрова', 'Максимовна', 'u50', 'b2d988b589453487b6c51624394fa0af', 'u50@cko-do.ru'),
(51, 'Артём', 'Волков', 'Сергеевич', 'u51', 'b2d988b589453487b6c51624394fa0af', 'u51@cko-do.ru'),
(52, 'Светлана', 'Степанова', 'Владимировна', 'u52', 'b2d988b589453487b6c51624394fa0af', 'u52@cko-do.ru'),
(53, 'Ксения', 'Иванова', 'Николаевна', 'u53', 'b2d988b589453487b6c51624394fa0af', 'u53@cko-do.ru'),
(54, 'Антон', 'Михайлов', 'Петрович', 'u54', 'b2d988b589453487b6c51624394fa0af', 'u54@cko-do.ru'),
(55, 'Инна', 'Федотова', 'Максимовна', 'u55', 'b2d988b589453487b6c51624394fa0af', 'u55@cko-do.ru'),
(56, 'Юлия', 'Жукова', 'Николаевна', 'u56', 'b2d988b589453487b6c51624394fa0af', 'u56@cko-do.ru'),
(57, 'Пётр', 'Карпов', 'Олегович', 'u57', 'b2d988b589453487b6c51624394fa0af', 'u57@cko-do.ru'),
(58, 'Олег', 'Миронов', 'Антонович', 'u58', 'b2d988b589453487b6c51624394fa0af', 'u58@cko-do.ru'),
(59, 'Елизавета', 'Жукова', 'Владимировна', 'u59', 'b2d988b589453487b6c51624394fa0af', 'u59@cko-do.ru'),
(60, 'Мария', 'Кузьмина', 'Олеговна', 'u60', 'b2d988b589453487b6c51624394fa0af', 'u60@cko-do.ru'),
(61, 'Николай', 'Карпов', 'Александрович', 'u61', 'b2d988b589453487b6c51624394fa0af', 'u61@cko-do.ru'),
(62, 'Андрей', 'Волков', 'Олегович', 'u62', 'b2d988b589453487b6c51624394fa0af', 'u62@cko-do.ru'),
(63, 'Екатерина', 'Шумилова', 'Владимировна', 'u63', 'b2d988b589453487b6c51624394fa0af', 'u63@cko-do.ru'),
(64, 'Екатерина', 'Шумилова', 'Антоновна', 'u64', 'b2d988b589453487b6c51624394fa0af', 'u64@cko-do.ru'),
(65, 'Антон', 'Цветков', 'Александрович', 'u65', 'b2d988b589453487b6c51624394fa0af', 'u65@cko-do.ru'),
(66, 'Дмитрий', 'Попов', 'Петрович', 'u66', 'b2d988b589453487b6c51624394fa0af', 'u66@cko-do.ru'),
(67, 'Юлия', 'Васильева', 'Сергеевна', 'u67', 'b2d988b589453487b6c51624394fa0af', 'u67@cko-do.ru'),
(68, 'Артём', 'Николаев', 'Александрович', 'u68', 'b2d988b589453487b6c51624394fa0af', 'u68@cko-do.ru'),
(69, 'Ксения', 'Жукова', 'Владимировна', 'u69', 'b2d988b589453487b6c51624394fa0af', 'u69@cko-do.ru'),
(70, 'Екатерина', 'Васильева', 'Петровна', 'u70', 'b2d988b589453487b6c51624394fa0af', 'u70@cko-do.ru'),
(71, 'Сергей', 'Карпов', 'Николаевич', 'u71', 'b2d988b589453487b6c51624394fa0af', 'u71@cko-do.ru'),
(72, 'Елизавета', 'Иванова', 'Антоновна', 'u72', 'b2d988b589453487b6c51624394fa0af', 'u72@cko-do.ru'),
(73, 'Мария', 'Федотова', 'Антоновна', 'u73', 'b2d988b589453487b6c51624394fa0af', 'u73@cko-do.ru'),
(74, 'Елизавета', 'Петрова', 'Александровна', 'u74', 'b2d988b589453487b6c51624394fa0af', 'u74@cko-do.ru'),
(75, 'Анна', 'Васильева', 'Максимовна', 'u75', 'b2d988b589453487b6c51624394fa0af', 'u75@cko-do.ru'),
(76, 'Максим', 'Михайлов', 'Антонович', 'u76', 'b2d988b589453487b6c51624394fa0af', 'u76@cko-do.ru'),
(77, 'Елена', 'Федотова', 'Николаевна', 'u77', 'b2d988b589453487b6c51624394fa0af', 'u77@cko-do.ru'),
(78, 'Николай', 'Морозов', 'Андреевич', 'u78', 'b2d988b589453487b6c51624394fa0af', 'u78@cko-do.ru'),
(79, 'Артём', 'Морозов', 'Олегович', 'u79', 'b2d988b589453487b6c51624394fa0af', 'u79@cko-do.ru'),
(80, 'Сергей', 'Михайлов', 'Владимирович', 'u80', 'b2d988b589453487b6c51624394fa0af', 'u80@cko-do.ru'),
(81, 'Артём', 'Николаев', 'Антонович', 'u81', 'b2d988b589453487b6c51624394fa0af', 'u81@cko-do.ru'),
(82, 'Дмитрий', 'Николаев', 'Олегович', 'u82', 'b2d988b589453487b6c51624394fa0af', 'u82@cko-do.ru'),
(83, 'Елизавета', 'Кузьмина', 'Петровна', 'u83', 'b2d988b589453487b6c51624394fa0af', 'u83@cko-do.ru'),
(84, 'Елена', 'Шумилова', 'Александровна', 'u84', 'b2d988b589453487b6c51624394fa0af', 'u84@cko-do.ru'),
(85, 'Иван', 'Морозов', 'Николаевич', 'u85', 'b2d988b589453487b6c51624394fa0af', 'u85@cko-do.ru'),
(86, 'Светлана', 'Кузьмина', 'Олеговна', 'u86', 'b2d988b589453487b6c51624394fa0af', 'u86@cko-do.ru'),
(87, 'Инна', 'Шумилова', 'Владимировна', 'u87', 'b2d988b589453487b6c51624394fa0af', 'u87@cko-do.ru'),
(88, 'Пётр', 'Николаев', 'Петрович', 'u88', 'b2d988b589453487b6c51624394fa0af', 'u88@cko-do.ru'),
(89, 'Юлия', 'Степанова', 'Антоновна', 'u89', 'b2d988b589453487b6c51624394fa0af', 'u89@cko-do.ru'),
(90, 'Антон', 'Николаев', 'Николаевич', 'u90', 'b2d988b589453487b6c51624394fa0af', 'u90@cko-do.ru'),
(91, 'Елена', 'Петрова', 'Андреевна', 'u91', 'b2d988b589453487b6c51624394fa0af', 'u91@cko-do.ru'),
(92, 'Елизавета', 'Кузьмина', 'Антоновна', 'u92', 'b2d988b589453487b6c51624394fa0af', 'u92@cko-do.ru'),
(93, 'Татьяна', 'Васильева', 'Александровна', 'u93', 'b2d988b589453487b6c51624394fa0af', 'u93@cko-do.ru'),
(94, 'Мария', 'Степанова', 'Олеговна', 'u94', 'b2d988b589453487b6c51624394fa0af', 'u94@cko-do.ru'),
(95, 'Светлана', 'Жукова', 'Олеговна', 'u95', 'b2d988b589453487b6c51624394fa0af', 'u95@cko-do.ru'),
(96, 'Алексей', 'Карпов', 'Андреевич', 'u96', 'b2d988b589453487b6c51624394fa0af', 'u96@cko-do.ru'),
(97, 'Татьяна', 'Федотова', 'Николаевна', 'u97', 'b2d988b589453487b6c51624394fa0af', 'u97@cko-do.ru'),
(98, 'Андрей', 'Козырев', 'Петрович', 'u98', 'b2d988b589453487b6c51624394fa0af', 'u98@cko-do.ru'),
(99, 'Антон', 'Волков', 'Сергеевич', 'u99', 'b2d988b589453487b6c51624394fa0af', 'u99@cko-do.ru'),
(100, 'Юлия', 'Петрова', 'Александровна', 'u100', 'b2d988b589453487b6c51624394fa0af', 'u100@cko-do.ru'),
(101, 'Мария', 'Васильева', 'Петровна', 'u101', 'b2d988b589453487b6c51624394fa0af', 'u101@cko-do.ru'),
(102, 'Елизавета', 'Шумилова', 'Андреевна', 'u102', 'b2d988b589453487b6c51624394fa0af', 'u102@cko-do.ru'),
(103, 'Дмитрий', 'Голичников', 'Александрович', 'u103', 'b2d988b589453487b6c51624394fa0af', 'u103@cko-do.ru'),
(104, 'Андрей', 'Морозов', 'Антонович', 'u104', 'b2d988b589453487b6c51624394fa0af', 'u104@cko-do.ru'),
(105, 'Светлана', 'Шумилова', 'Петровна', 'u105', 'b2d988b589453487b6c51624394fa0af', 'u105@cko-do.ru'),
(106, 'Елизавета', 'Жукова', 'Андреевна', 'u106', 'b2d988b589453487b6c51624394fa0af', 'u106@cko-do.ru'),
(107, 'Владимир', 'Попов', 'Андреевич', 'u107', 'b2d988b589453487b6c51624394fa0af', 'u107@cko-do.ru'),
(108, 'Олег', 'Голичников', 'Антонович', 'u108', 'b2d988b589453487b6c51624394fa0af', 'u108@cko-do.ru'),
(109, 'Светлана', 'Васильева', 'Сергеевна', 'u109', 'b2d988b589453487b6c51624394fa0af', 'u109@cko-do.ru'),
(110, 'Мария', 'Степанова', 'Александровна', 'u110', 'b2d988b589453487b6c51624394fa0af', 'u110@cko-do.ru'),
(111, 'Анна', 'Шумилова', 'Петровна', 'u111', 'b2d988b589453487b6c51624394fa0af', 'u111@cko-do.ru'),
(112, 'Владимир', 'Голичников', 'Александрович', 'u112', 'b2d988b589453487b6c51624394fa0af', 'u112@cko-do.ru'),
(113, 'Светлана', 'Иванова', 'Николаевна', 'u113', 'b2d988b589453487b6c51624394fa0af', 'u113@cko-do.ru'),
(114, 'Артём', 'Николаев', 'Петрович', 'u114', 'b2d988b589453487b6c51624394fa0af', 'u114@cko-do.ru'),
(115, 'Дмитрий', 'Козырев', 'Андреевич', 'u115', 'b2d988b589453487b6c51624394fa0af', 'u115@cko-do.ru'),
(116, 'Татьяна', 'Васильева', 'Николаевна', 'u116', 'b2d988b589453487b6c51624394fa0af', 'u116@cko-do.ru'),
(117, 'Татьяна', 'Васильева', 'Андреевна', 'u117', 'b2d988b589453487b6c51624394fa0af', 'u117@cko-do.ru'),
(118, 'Максим', 'Степанов', 'Андреевич', 'u118', 'b2d988b589453487b6c51624394fa0af', 'u118@cko-do.ru'),
(119, 'Максим', 'Миронов', 'Максимович', 'u119', 'b2d988b589453487b6c51624394fa0af', 'u119@cko-do.ru'),
(120, 'Екатерина', 'Васильева', 'Петровна', 'u120', 'b2d988b589453487b6c51624394fa0af', 'u120@cko-do.ru'),
(121, 'Инна', 'Степанова', 'Николаевна', 'u121', 'b2d988b589453487b6c51624394fa0af', 'u121@cko-do.ru'),
(122, 'Алексей', 'Цветков', 'Владимирович', 'u122', 'b2d988b589453487b6c51624394fa0af', 'u122@cko-do.ru'),
(123, 'Дмитрий', 'Волков', 'Николаевич', 'u123', 'b2d988b589453487b6c51624394fa0af', 'u123@cko-do.ru'),
(124, 'Сергей', 'Михайлов', 'Владимирович', 'u124', 'b2d988b589453487b6c51624394fa0af', 'u124@cko-do.ru'),
(125, 'Алексей', 'Голичников', 'Максимович', 'u125', 'b2d988b589453487b6c51624394fa0af', 'u125@cko-do.ru'),
(126, 'Наталия', 'Иванова', 'Сергеевна', 'u126', 'b2d988b589453487b6c51624394fa0af', 'u126@cko-do.ru'),
(127, 'Алексей', 'Попов', 'Андреевич', 'u127', 'b2d988b589453487b6c51624394fa0af', 'u127@cko-do.ru'),
(128, 'Артём', 'Попов', 'Александрович', 'u128', 'b2d988b589453487b6c51624394fa0af', 'u128@cko-do.ru'),
(129, 'Сергей', 'Голичников', 'Максимович', 'u129', 'b2d988b589453487b6c51624394fa0af', 'u129@cko-do.ru'),
(130, 'Елена', 'Федотова', 'Олеговна', 'u130', 'b2d988b589453487b6c51624394fa0af', 'u130@cko-do.ru'),
(131, 'Иван', 'Михайлов', 'Петрович', 'u131', 'b2d988b589453487b6c51624394fa0af', 'u131@cko-do.ru'),
(132, 'Иван', 'Цветков', 'Владимирович', 'u132', 'b2d988b589453487b6c51624394fa0af', 'u132@cko-do.ru'),
(133, 'Ксения', 'Васильева', 'Максимовна', 'u133', 'b2d988b589453487b6c51624394fa0af', 'u133@cko-do.ru'),
(134, 'Елизавета', 'Кузьмина', 'Максимовна', 'u134', 'b2d988b589453487b6c51624394fa0af', 'u134@cko-do.ru'),
(135, 'Анна', 'Степанова', 'Александровна', 'u135', 'b2d988b589453487b6c51624394fa0af', 'u135@cko-do.ru'),
(136, 'Николай', 'Цветков', 'Александрович', 'u136', 'b2d988b589453487b6c51624394fa0af', 'u136@cko-do.ru'),
(137, 'Владимир', 'Николаев', 'Владимирович', 'u137', 'b2d988b589453487b6c51624394fa0af', 'u137@cko-do.ru'),
(138, 'Наталия', 'Жукова', 'Антоновна', 'u138', 'b2d988b589453487b6c51624394fa0af', 'u138@cko-do.ru'),
(139, 'Пётр', 'Попов', 'Олегович', 'u139', 'b2d988b589453487b6c51624394fa0af', 'u139@cko-do.ru'),
(140, 'Алексей', 'Голичников', 'Николаевич', 'u140', 'b2d988b589453487b6c51624394fa0af', 'u140@cko-do.ru'),
(141, 'Елена', 'Степанова', 'Андреевна', 'u141', 'b2d988b589453487b6c51624394fa0af', 'u141@cko-do.ru'),
(142, 'Александр', 'Карпов', 'Сергеевич', 'u142', 'b2d988b589453487b6c51624394fa0af', 'u142@cko-do.ru'),
(143, 'Антон', 'Попов', 'Антонович', 'u143', 'b2d988b589453487b6c51624394fa0af', 'u143@cko-do.ru'),
(144, 'Инна', 'Кузьмина', 'Андреевна', 'u144', 'b2d988b589453487b6c51624394fa0af', 'u144@cko-do.ru'),
(145, 'Алексей', 'Миронов', 'Олегович', 'u145', 'b2d988b589453487b6c51624394fa0af', 'u145@cko-do.ru'),
(146, 'Наталия', 'Иванова', 'Сергеевна', 'u146', 'b2d988b589453487b6c51624394fa0af', 'u146@cko-do.ru'),
(147, 'Светлана', 'Шумилова', 'Антоновна', 'u147', 'b2d988b589453487b6c51624394fa0af', 'u147@cko-do.ru'),
(148, 'Антон', 'Михайлов', 'Сергеевич', 'u148', 'b2d988b589453487b6c51624394fa0af', 'u148@cko-do.ru'),
(149, 'Елена', 'Шумилова', 'Антоновна', 'u149', 'b2d988b589453487b6c51624394fa0af', 'u149@cko-do.ru'),
(150, 'Антон', 'Михайлов', 'Олегович', 'u150', 'b2d988b589453487b6c51624394fa0af', 'u150@cko-do.ru'),
(151, 'Иван', 'Николаев', 'Олегович', 'u151', 'b2d988b589453487b6c51624394fa0af', 'u151@cko-do.ru'),
(152, 'Елизавета', 'Кузьмина', 'Антоновна', 'u152', 'b2d988b589453487b6c51624394fa0af', 'u152@cko-do.ru'),
(153, 'Елизавета', 'Васильева', 'Владимировна', 'u153', 'b2d988b589453487b6c51624394fa0af', 'u153@cko-do.ru'),
(154, 'Светлана', 'Кузьмина', 'Андреевна', 'u154', 'b2d988b589453487b6c51624394fa0af', 'u154@cko-do.ru'),
(155, 'Екатерина', 'Кузьмина', 'Владимировна', 'u155', 'b2d988b589453487b6c51624394fa0af', 'u155@cko-do.ru'),
(156, 'Николай', 'Степанов', 'Максимович', 'u156', 'b2d988b589453487b6c51624394fa0af', 'u156@cko-do.ru'),
(157, 'Олег', 'Волков', 'Сергеевич', 'u157', 'b2d988b589453487b6c51624394fa0af', 'u157@cko-do.ru'),
(158, 'Татьяна', 'Жукова', 'Николаевна', 'u158', 'b2d988b589453487b6c51624394fa0af', 'u158@cko-do.ru'),
(159, 'Олег', 'Карпов', 'Владимирович', 'u159', 'b2d988b589453487b6c51624394fa0af', 'u159@cko-do.ru'),
(160, 'Иван', 'Николаев', 'Петрович', 'u160', 'b2d988b589453487b6c51624394fa0af', 'u160@cko-do.ru'),
(161, 'Светлана', 'Степанова', 'Олеговна', 'u161', 'b2d988b589453487b6c51624394fa0af', 'u161@cko-do.ru'),
(162, 'Татьяна', 'Степанова', 'Сергеевна', 'u162', 'b2d988b589453487b6c51624394fa0af', 'u162@cko-do.ru'),
(163, 'Ксения', 'Федотова', 'Петровна', 'u163', 'b2d988b589453487b6c51624394fa0af', 'u163@cko-do.ru'),
(164, 'Дмитрий', 'Попов', 'Владимирович', 'u164', 'b2d988b589453487b6c51624394fa0af', 'u164@cko-do.ru'),
(165, 'Татьяна', 'Степанова', 'Петровна', 'u165', 'b2d988b589453487b6c51624394fa0af', 'u165@cko-do.ru'),
(166, 'Мария', 'Кузьмина', 'Николаевна', 'u166', 'b2d988b589453487b6c51624394fa0af', 'u166@cko-do.ru'),
(167, 'Татьяна', 'Петрова', 'Андреевна', 'u167', 'b2d988b589453487b6c51624394fa0af', 'u167@cko-do.ru'),
(168, 'Мария', 'Федотова', 'Антоновна', 'u168', 'b2d988b589453487b6c51624394fa0af', 'u168@cko-do.ru'),
(169, 'Николай', 'Козырев', 'Петрович', 'u169', 'b2d988b589453487b6c51624394fa0af', 'u169@cko-do.ru'),
(170, 'Ксения', 'Федотова', 'Александровна', 'u170', 'b2d988b589453487b6c51624394fa0af', 'u170@cko-do.ru'),
(171, 'Алексей', 'Волков', 'Андреевич', 'u171', 'b2d988b589453487b6c51624394fa0af', 'u171@cko-do.ru'),
(172, 'Дмитрий', 'Цветков', 'Николаевич', 'u172', 'b2d988b589453487b6c51624394fa0af', 'u172@cko-do.ru'),
(173, 'Владимир', 'Миронов', 'Николаевич', 'u173', 'b2d988b589453487b6c51624394fa0af', 'u173@cko-do.ru'),
(174, 'Светлана', 'Васильева', 'Андреевна', 'u174', 'b2d988b589453487b6c51624394fa0af', 'u174@cko-do.ru'),
(175, 'Юлия', 'Кузьмина', 'Андреевна', 'u175', 'b2d988b589453487b6c51624394fa0af', 'u175@cko-do.ru'),
(176, 'Олег', 'Цветков', 'Николаевич', 'u176', 'b2d988b589453487b6c51624394fa0af', 'u176@cko-do.ru'),
(177, 'Юлия', 'Иванова', 'Александровна', 'u177', 'b2d988b589453487b6c51624394fa0af', 'u177@cko-do.ru'),
(178, 'Ксения', 'Федотова', 'Максимовна', 'u178', 'b2d988b589453487b6c51624394fa0af', 'u178@cko-do.ru'),
(179, 'Антон', 'Степанов', 'Александрович', 'u179', 'b2d988b589453487b6c51624394fa0af', 'u179@cko-do.ru'),
(180, 'Алексей', 'Карпов', 'Александрович', 'u180', 'b2d988b589453487b6c51624394fa0af', 'u180@cko-do.ru'),
(181, 'Ксения', 'Федотова', 'Владимировна', 'u181', 'b2d988b589453487b6c51624394fa0af', 'u181@cko-do.ru'),
(182, 'Юлия', 'Степанова', 'Николаевна', 'u182', 'b2d988b589453487b6c51624394fa0af', 'u182@cko-do.ru'),
(183, 'Елизавета', 'Васильева', 'Максимовна', 'u183', 'b2d988b589453487b6c51624394fa0af', 'u183@cko-do.ru'),
(184, 'Николай', 'Козырев', 'Александрович', 'u184', 'b2d988b589453487b6c51624394fa0af', 'u184@cko-do.ru'),
(185, 'Артём', 'Карпов', 'Николаевич', 'u185', 'b2d988b589453487b6c51624394fa0af', 'u185@cko-do.ru'),
(186, 'Анна', 'Васильева', 'Андреевна', 'u186', 'b2d988b589453487b6c51624394fa0af', 'u186@cko-do.ru'),
(187, 'Алексей', 'Миронов', 'Максимович', 'u187', 'b2d988b589453487b6c51624394fa0af', 'u187@cko-do.ru'),
(188, 'Светлана', 'Васильева', 'Николаевна', 'u188', 'b2d988b589453487b6c51624394fa0af', 'u188@cko-do.ru'),
(189, 'Иван', 'Морозов', 'Александрович', 'u189', 'b2d988b589453487b6c51624394fa0af', 'u189@cko-do.ru'),
(190, 'Анна', 'Петрова', 'Андреевна', 'u190', 'b2d988b589453487b6c51624394fa0af', 'u190@cko-do.ru'),
(191, 'Мария', 'Шумилова', 'Владимировна', 'u191', 'b2d988b589453487b6c51624394fa0af', 'u191@cko-do.ru'),
(192, 'Иван', 'Цветков', 'Антонович', 'u192', 'b2d988b589453487b6c51624394fa0af', 'u192@cko-do.ru'),
(193, 'Андрей', 'Волков', 'Олегович', 'u193', 'b2d988b589453487b6c51624394fa0af', 'u193@cko-do.ru'),
(194, 'Пётр', 'Миронов', 'Андреевич', 'u194', 'b2d988b589453487b6c51624394fa0af', 'u194@cko-do.ru'),
(195, 'Татьяна', 'Федотова', 'Петровна', 'u195', 'b2d988b589453487b6c51624394fa0af', 'u195@cko-do.ru'),
(196, 'Алексей', 'Миронов', 'Олегович', 'u196', 'b2d988b589453487b6c51624394fa0af', 'u196@cko-do.ru'),
(197, 'Пётр', 'Степанов', 'Александрович', 'u197', 'b2d988b589453487b6c51624394fa0af', 'u197@cko-do.ru'),
(198, 'Елена', 'Кузьмина', 'Андреевна', 'u198', 'b2d988b589453487b6c51624394fa0af', 'u198@cko-do.ru'),
(199, 'Дмитрий', 'Степанов', 'Владимирович', 'u199', 'b2d988b589453487b6c51624394fa0af', 'u199@cko-do.ru'),
(200, 'Иван', 'Николаев', 'Владимирович', 'u200', 'b2d988b589453487b6c51624394fa0af', 'u200@cko-do.ru'),
(201, 'Дмитрий', 'Цветков', 'Владимирович', 'u201', 'b2d988b589453487b6c51624394fa0af', 'u201@cko-do.ru'),
(202, 'Инна', 'Васильева', 'Александровна', 'u202', 'b2d988b589453487b6c51624394fa0af', 'u202@cko-do.ru'),
(203, 'Светлана', 'Петрова', 'Сергеевна', 'u203', 'b2d988b589453487b6c51624394fa0af', 'u203@cko-do.ru'),
(204, 'Александр', 'Степанов', 'Владимирович', 'u204', 'b2d988b589453487b6c51624394fa0af', 'u204@cko-do.ru'),
(205, 'Олег', 'Николаев', 'Андреевич', 'u205', 'b2d988b589453487b6c51624394fa0af', 'u205@cko-do.ru'),
(206, 'Олег', 'Михайлов', 'Петрович', 'u206', 'b2d988b589453487b6c51624394fa0af', 'u206@cko-do.ru'),
(207, 'Юлия', 'Шумилова', 'Петровна', 'u207', 'b2d988b589453487b6c51624394fa0af', 'u207@cko-do.ru'),
(208, 'Мария', 'Степанова', 'Александровна', 'u208', 'b2d988b589453487b6c51624394fa0af', 'u208@cko-do.ru'),
(209, 'Инна', 'Петрова', 'Сергеевна', 'u209', 'b2d988b589453487b6c51624394fa0af', 'u209@cko-do.ru'),
(210, 'Юлия', 'Васильева', 'Николаевна', 'u210', 'b2d988b589453487b6c51624394fa0af', 'u210@cko-do.ru'),
(211, 'Елена', 'Васильева', 'Антоновна', 'u211', 'b2d988b589453487b6c51624394fa0af', 'u211@cko-do.ru'),
(212, 'Инна', 'Кузьмина', 'Антоновна', 'u212', 'b2d988b589453487b6c51624394fa0af', 'u212@cko-do.ru'),
(213, 'Антон', 'Попов', 'Александрович', 'u213', 'b2d988b589453487b6c51624394fa0af', 'u213@cko-do.ru'),
(214, 'Инна', 'Васильева', 'Андреевна', 'u214', 'b2d988b589453487b6c51624394fa0af', 'u214@cko-do.ru'),
(215, 'Артём', 'Николаев', 'Олегович', 'u215', 'b2d988b589453487b6c51624394fa0af', 'u215@cko-do.ru'),
(216, 'Андрей', 'Карпов', 'Олегович', 'u216', 'b2d988b589453487b6c51624394fa0af', 'u216@cko-do.ru'),
(217, 'Юлия', 'Жукова', 'Владимировна', 'u217', 'b2d988b589453487b6c51624394fa0af', 'u217@cko-do.ru'),
(218, 'Екатерина', 'Васильева', 'Александровна', 'u218', 'b2d988b589453487b6c51624394fa0af', 'u218@cko-do.ru'),
(219, 'Анна', 'Васильева', 'Петровна', 'u219', 'b2d988b589453487b6c51624394fa0af', 'u219@cko-do.ru'),
(220, 'Светлана', 'Федотова', 'Николаевна', 'u220', 'b2d988b589453487b6c51624394fa0af', 'u220@cko-do.ru'),
(221, 'Владимир', 'Волков', 'Олегович', 'u221', 'b2d988b589453487b6c51624394fa0af', 'u221@cko-do.ru'),
(222, 'Ксения', 'Кузьмина', 'Антоновна', 'u222', 'b2d988b589453487b6c51624394fa0af', 'u222@cko-do.ru'),
(223, 'Пётр', 'Степанов', 'Андреевич', 'u223', 'b2d988b589453487b6c51624394fa0af', 'u223@cko-do.ru'),
(224, 'Анна', 'Степанова', 'Петровна', 'u224', 'b2d988b589453487b6c51624394fa0af', 'u224@cko-do.ru'),
(225, 'Елизавета', 'Жукова', 'Петровна', 'u225', 'b2d988b589453487b6c51624394fa0af', 'u225@cko-do.ru'),
(226, 'Татьяна', 'Федотова', 'Николаевна', 'u226', 'b2d988b589453487b6c51624394fa0af', 'u226@cko-do.ru'),
(227, 'Антон', 'Степанов', 'Александрович', 'u227', 'b2d988b589453487b6c51624394fa0af', 'u227@cko-do.ru'),
(228, 'Антон', 'Михайлов', 'Сергеевич', 'u228', 'b2d988b589453487b6c51624394fa0af', 'u228@cko-do.ru'),
(229, 'Пётр', 'Морозов', 'Владимирович', 'u229', 'b2d988b589453487b6c51624394fa0af', 'u229@cko-do.ru'),
(230, 'Светлана', 'Жукова', 'Николаевна', 'u230', 'b2d988b589453487b6c51624394fa0af', 'u230@cko-do.ru'),
(231, 'Николай', 'Волков', 'Сергеевич', 'u231', 'b2d988b589453487b6c51624394fa0af', 'u231@cko-do.ru'),
(232, 'Андрей', 'Карпов', 'Петрович', 'u232', 'b2d988b589453487b6c51624394fa0af', 'u232@cko-do.ru'),
(233, 'Екатерина', 'Иванова', 'Александровна', 'u233', 'b2d988b589453487b6c51624394fa0af', 'u233@cko-do.ru'),
(234, 'Иван', 'Цветков', 'Олегович', 'u234', 'b2d988b589453487b6c51624394fa0af', 'u234@cko-do.ru'),
(235, 'Пётр', 'Миронов', 'Владимирович', 'u235', 'b2d988b589453487b6c51624394fa0af', 'u235@cko-do.ru'),
(236, 'Елена', 'Кузьмина', 'Антоновна', 'u236', 'b2d988b589453487b6c51624394fa0af', 'u236@cko-do.ru'),
(237, 'Артём', 'Цветков', 'Антонович', 'u237', 'b2d988b589453487b6c51624394fa0af', 'u237@cko-do.ru'),
(238, 'Антон', 'Михайлов', 'Владимирович', 'u238', 'b2d988b589453487b6c51624394fa0af', 'u238@cko-do.ru'),
(239, 'Дмитрий', 'Козырев', 'Владимирович', 'u239', 'b2d988b589453487b6c51624394fa0af', 'u239@cko-do.ru'),
(240, 'Сергей', 'Голичников', 'Александрович', 'u240', 'b2d988b589453487b6c51624394fa0af', 'u240@cko-do.ru'),
(241, 'Инна', 'Петрова', 'Владимировна', 'u241', 'b2d988b589453487b6c51624394fa0af', 'u241@cko-do.ru'),
(242, 'Елизавета', 'Жукова', 'Максимовна', 'u242', 'b2d988b589453487b6c51624394fa0af', 'u242@cko-do.ru'),
(243, 'Инна', 'Шумилова', 'Олеговна', 'u243', 'b2d988b589453487b6c51624394fa0af', 'u243@cko-do.ru'),
(244, 'Инна', 'Петрова', 'Максимовна', 'u244', 'b2d988b589453487b6c51624394fa0af', 'u244@cko-do.ru'),
(245, 'Наталия', 'Васильева', 'Петровна', 'u245', 'b2d988b589453487b6c51624394fa0af', 'u245@cko-do.ru'),
(246, 'Сергей', 'Волков', 'Николаевич', 'u246', 'b2d988b589453487b6c51624394fa0af', 'u246@cko-do.ru'),
(247, 'Светлана', 'Петрова', 'Александровна', 'u247', 'b2d988b589453487b6c51624394fa0af', 'u247@cko-do.ru'),
(248, 'Андрей', 'Цветков', 'Андреевич', 'u248', 'b2d988b589453487b6c51624394fa0af', 'u248@cko-do.ru'),
(249, 'Светлана', 'Иванова', 'Владимировна', 'u249', 'b2d988b589453487b6c51624394fa0af', 'u249@cko-do.ru'),
(250, 'Антон', 'Миронов', 'Олегович', 'u250', 'b2d988b589453487b6c51624394fa0af', 'u250@cko-do.ru'),
(251, 'Антон', 'Попов', 'Александрович', 'u251', 'b2d988b589453487b6c51624394fa0af', 'u251@cko-do.ru'),
(252, 'Наталия', 'Иванова', 'Владимировна', 'u252', 'b2d988b589453487b6c51624394fa0af', 'u252@cko-do.ru'),
(253, 'Светлана', 'Васильева', 'Петровна', 'u253', 'b2d988b589453487b6c51624394fa0af', 'u253@cko-do.ru'),
(254, 'Елена', 'Васильева', 'Сергеевна', 'u254', 'b2d988b589453487b6c51624394fa0af', 'u254@cko-do.ru'),
(255, 'Екатерина', 'Жукова', 'Сергеевна', 'u255', 'b2d988b589453487b6c51624394fa0af', 'u255@cko-do.ru'),
(256, 'Анна', 'Шумилова', 'Петровна', 'u256', 'b2d988b589453487b6c51624394fa0af', 'u256@cko-do.ru'),
(257, 'Дмитрий', 'Попов', 'Сергеевич', 'u257', 'b2d988b589453487b6c51624394fa0af', 'u257@cko-do.ru'),
(258, 'Сергей', 'Степанов', 'Антонович', 'u258', 'b2d988b589453487b6c51624394fa0af', 'u258@cko-do.ru'),
(259, 'Дмитрий', 'Миронов', 'Сергеевич', 'u259', 'b2d988b589453487b6c51624394fa0af', 'u259@cko-do.ru'),
(260, 'Иван', 'Попов', 'Максимович', 'u260', 'b2d988b589453487b6c51624394fa0af', 'u260@cko-do.ru'),
(261, 'Александр', 'Карпов', 'Владимирович', 'u261', 'b2d988b589453487b6c51624394fa0af', 'u261@cko-do.ru'),
(262, 'Владимир', 'Цветков', 'Олегович', 'u262', 'b2d988b589453487b6c51624394fa0af', 'u262@cko-do.ru'),
(263, 'Дмитрий', 'Миронов', 'Антонович', 'u263', 'b2d988b589453487b6c51624394fa0af', 'u263@cko-do.ru'),
(264, 'Елена', 'Кузьмина', 'Николаевна', 'u264', 'b2d988b589453487b6c51624394fa0af', 'u264@cko-do.ru'),
(265, 'Иван', 'Степанов', 'Сергеевич', 'u265', 'b2d988b589453487b6c51624394fa0af', 'u265@cko-do.ru'),
(266, 'Светлана', 'Жукова', 'Александровна', 'u266', 'b2d988b589453487b6c51624394fa0af', 'u266@cko-do.ru'),
(267, 'Светлана', 'Федотова', 'Николаевна', 'u267', 'b2d988b589453487b6c51624394fa0af', 'u267@cko-do.ru'),
(268, 'Инна', 'Васильева', 'Антоновна', 'u268', 'b2d988b589453487b6c51624394fa0af', 'u268@cko-do.ru'),
(269, 'Андрей', 'Николаев', 'Сергеевич', 'u269', 'b2d988b589453487b6c51624394fa0af', 'u269@cko-do.ru'),
(270, 'Светлана', 'Жукова', 'Максимовна', 'u270', 'b2d988b589453487b6c51624394fa0af', 'u270@cko-do.ru'),
(271, 'Елена', 'Федотова', 'Николаевна', 'u271', 'b2d988b589453487b6c51624394fa0af', 'u271@cko-do.ru'),
(272, 'Дмитрий', 'Волков', 'Владимирович', 'u272', 'b2d988b589453487b6c51624394fa0af', 'u272@cko-do.ru'),
(273, 'Иван', 'Волков', 'Александрович', 'u273', 'b2d988b589453487b6c51624394fa0af', 'u273@cko-do.ru'),
(274, 'Александр', 'Михайлов', 'Владимирович', 'u274', 'b2d988b589453487b6c51624394fa0af', 'u274@cko-do.ru'),
(275, 'Юлия', 'Кузьмина', 'Владимировна', 'u275', 'b2d988b589453487b6c51624394fa0af', 'u275@cko-do.ru'),
(276, 'Анна', 'Федотова', 'Николаевна', 'u276', 'b2d988b589453487b6c51624394fa0af', 'u276@cko-do.ru'),
(277, 'Екатерина', 'Иванова', 'Антоновна', 'u277', 'b2d988b589453487b6c51624394fa0af', 'u277@cko-do.ru'),
(278, 'Олег', 'Миронов', 'Петрович', 'u278', 'b2d988b589453487b6c51624394fa0af', 'u278@cko-do.ru'),
(279, 'Антон', 'Карпов', 'Петрович', 'u279', 'b2d988b589453487b6c51624394fa0af', 'u279@cko-do.ru'),
(280, 'Дмитрий', 'Волков', 'Александрович', 'u280', 'b2d988b589453487b6c51624394fa0af', 'u280@cko-do.ru'),
(281, 'Елена', 'Иванова', 'Андреевна', 'u281', 'b2d988b589453487b6c51624394fa0af', 'u281@cko-do.ru'),
(282, 'Юлия', 'Федотова', 'Николаевна', 'u282', 'b2d988b589453487b6c51624394fa0af', 'u282@cko-do.ru'),
(283, 'Ксения', 'Шумилова', 'Николаевна', 'u283', 'b2d988b589453487b6c51624394fa0af', 'u283@cko-do.ru'),
(284, 'Екатерина', 'Жукова', 'Владимировна', 'u284', 'b2d988b589453487b6c51624394fa0af', 'u284@cko-do.ru'),
(285, 'Антон', 'Миронов', 'Петрович', 'u285', 'b2d988b589453487b6c51624394fa0af', 'u285@cko-do.ru'),
(286, 'Максим', 'Миронов', 'Александрович', 'u286', 'b2d988b589453487b6c51624394fa0af', 'u286@cko-do.ru'),
(287, 'Сергей', 'Цветков', 'Владимирович', 'u287', 'b2d988b589453487b6c51624394fa0af', 'u287@cko-do.ru'),
(288, 'Ксения', 'Шумилова', 'Петровна', 'u288', 'b2d988b589453487b6c51624394fa0af', 'u288@cko-do.ru'),
(289, 'Сергей', 'Михайлов', 'Максимович', 'u289', 'b2d988b589453487b6c51624394fa0af', 'u289@cko-do.ru'),
(290, 'Татьяна', 'Жукова', 'Николаевна', 'u290', 'b2d988b589453487b6c51624394fa0af', 'u290@cko-do.ru'),
(291, 'Наталия', 'Шумилова', 'Сергеевна', 'u291', 'b2d988b589453487b6c51624394fa0af', 'u291@cko-do.ru'),
(292, 'Иван', 'Николаев', 'Олегович', 'u292', 'b2d988b589453487b6c51624394fa0af', 'u292@cko-do.ru'),
(293, 'Максим', 'Степанов', 'Владимирович', 'u293', 'b2d988b589453487b6c51624394fa0af', 'u293@cko-do.ru'),
(294, 'Ксения', 'Иванова', 'Олеговна', 'u294', 'b2d988b589453487b6c51624394fa0af', 'u294@cko-do.ru'),
(295, 'Мария', 'Степанова', 'Андреевна', 'u295', 'b2d988b589453487b6c51624394fa0af', 'u295@cko-do.ru'),
(296, 'Александр', 'Степанов', 'Петрович', 'u296', 'b2d988b589453487b6c51624394fa0af', 'u296@cko-do.ru'),
(297, 'Дмитрий', 'Морозов', 'Максимович', 'u297', 'b2d988b589453487b6c51624394fa0af', 'u297@cko-do.ru'),
(298, 'Николай', 'Козырев', 'Николаевич', 'u298', 'b2d988b589453487b6c51624394fa0af', 'u298@cko-do.ru'),
(299, 'Ксения', 'Петрова', 'Владимировна', 'u299', 'b2d988b589453487b6c51624394fa0af', 'u299@cko-do.ru'),
(300, 'Анна', 'Петрова', 'Андреевна', 'u300', 'b2d988b589453487b6c51624394fa0af', 'u300@cko-do.ru'),
(301, 'Юлия', 'Васильева', 'Максимовна', 'u301', 'b2d988b589453487b6c51624394fa0af', 'u301@cko-do.ru'),
(302, 'Елена', 'Шумилова', 'Николаевна', 'u302', 'b2d988b589453487b6c51624394fa0af', 'u302@cko-do.ru'),
(303, 'Артём', 'Миронов', 'Максимович', 'u303', 'b2d988b589453487b6c51624394fa0af', 'u303@cko-do.ru'),
(304, 'Николай', 'Попов', 'Сергеевич', 'u304', 'b2d988b589453487b6c51624394fa0af', 'u304@cko-do.ru'),
(305, 'Владимир', 'Голичников', 'Владимирович', 'u305', 'b2d988b589453487b6c51624394fa0af', 'u305@cko-do.ru'),
(306, 'Инна', 'Жукова', 'Сергеевна', 'u306', 'b2d988b589453487b6c51624394fa0af', 'u306@cko-do.ru'),
(307, 'Владимир', 'Козырев', 'Максимович', 'u307', 'b2d988b589453487b6c51624394fa0af', 'u307@cko-do.ru'),
(308, 'Светлана', 'Иванова', 'Олеговна', 'u308', 'b2d988b589453487b6c51624394fa0af', 'u308@cko-do.ru'),
(309, 'Мария', 'Федотова', 'Андреевна', 'u309', 'b2d988b589453487b6c51624394fa0af', 'u309@cko-do.ru'),
(310, 'Андрей', 'Попов', 'Николаевич', 'u310', 'b2d988b589453487b6c51624394fa0af', 'u310@cko-do.ru'),
(311, 'Инна', 'Степанова', 'Андреевна', 'u311', 'b2d988b589453487b6c51624394fa0af', 'u311@cko-do.ru'),
(312, 'Олег', 'Михайлов', 'Антонович', 'u312', 'b2d988b589453487b6c51624394fa0af', 'u312@cko-do.ru'),
(313, 'Дмитрий', 'Попов', 'Николаевич', 'u313', 'b2d988b589453487b6c51624394fa0af', 'u313@cko-do.ru'),
(314, 'Юлия', 'Жукова', 'Андреевна', 'u314', 'b2d988b589453487b6c51624394fa0af', 'u314@cko-do.ru'),
(315, 'Юлия', 'Степанова', 'Петровна', 'u315', 'b2d988b589453487b6c51624394fa0af', 'u315@cko-do.ru'),
(316, 'Татьяна', 'Жукова', 'Олеговна', 'u316', 'b2d988b589453487b6c51624394fa0af', 'u316@cko-do.ru'),
(317, 'Сергей', 'Волков', 'Петрович', 'u317', 'b2d988b589453487b6c51624394fa0af', 'u317@cko-do.ru'),
(318, 'Пётр', 'Волков', 'Олегович', 'u318', 'b2d988b589453487b6c51624394fa0af', 'u318@cko-do.ru'),
(319, 'Елизавета', 'Шумилова', 'Петровна', 'u319', 'b2d988b589453487b6c51624394fa0af', 'u319@cko-do.ru'),
(320, 'Татьяна', 'Иванова', 'Петровна', 'u320', 'b2d988b589453487b6c51624394fa0af', 'u320@cko-do.ru'),
(321, 'Ксения', 'Иванова', 'Николаевна', 'u321', 'b2d988b589453487b6c51624394fa0af', 'u321@cko-do.ru'),
(322, 'Юлия', 'Петрова', 'Максимовна', 'u322', 'b2d988b589453487b6c51624394fa0af', 'u322@cko-do.ru'),
(323, 'Алексей', 'Николаев', 'Александрович', 'u323', 'b2d988b589453487b6c51624394fa0af', 'u323@cko-do.ru'),
(324, 'Артём', 'Николаев', 'Николаевич', 'u324', 'b2d988b589453487b6c51624394fa0af', 'u324@cko-do.ru'),
(325, 'Максим', 'Попов', 'Андреевич', 'u325', 'b2d988b589453487b6c51624394fa0af', 'u325@cko-do.ru'),
(326, 'Сергей', 'Николаев', 'Олегович', 'u326', 'b2d988b589453487b6c51624394fa0af', 'u326@cko-do.ru'),
(327, 'Иван', 'Михайлов', 'Сергеевич', 'u327', 'b2d988b589453487b6c51624394fa0af', 'u327@cko-do.ru'),
(328, 'Иван', 'Михайлов', 'Александрович', 'u328', 'b2d988b589453487b6c51624394fa0af', 'u328@cko-do.ru'),
(329, 'Елизавета', 'Васильева', 'Николаевна', 'u329', 'b2d988b589453487b6c51624394fa0af', 'u329@cko-do.ru'),
(330, 'Юлия', 'Степанова', 'Николаевна', 'u330', 'b2d988b589453487b6c51624394fa0af', 'u330@cko-do.ru'),
(331, 'Ксения', 'Кузьмина', 'Петровна', 'u331', 'b2d988b589453487b6c51624394fa0af', 'u331@cko-do.ru'),
(332, 'Наталия', 'Иванова', 'Максимовна', 'u332', 'b2d988b589453487b6c51624394fa0af', 'u332@cko-do.ru'),
(333, 'Светлана', 'Федотова', 'Николаевна', 'u333', 'b2d988b589453487b6c51624394fa0af', 'u333@cko-do.ru'),
(334, 'Дмитрий', 'Николаев', 'Петрович', 'u334', 'b2d988b589453487b6c51624394fa0af', 'u334@cko-do.ru'),
(335, 'Екатерина', 'Федотова', 'Николаевна', 'u335', 'b2d988b589453487b6c51624394fa0af', 'u335@cko-do.ru'),
(336, 'Владимир', 'Морозов', 'Максимович', 'u336', 'b2d988b589453487b6c51624394fa0af', 'u336@cko-do.ru'),
(337, 'Артём', 'Козырев', 'Александрович', 'u337', 'b2d988b589453487b6c51624394fa0af', 'u337@cko-do.ru'),
(338, 'Андрей', 'Волков', 'Андреевич', 'u338', 'b2d988b589453487b6c51624394fa0af', 'u338@cko-do.ru'),
(339, 'Пётр', 'Волков', 'Максимович', 'u339', 'b2d988b589453487b6c51624394fa0af', 'u339@cko-do.ru'),
(340, 'Артём', 'Попов', 'Олегович', 'u340', 'b2d988b589453487b6c51624394fa0af', 'u340@cko-do.ru'),
(341, 'Николай', 'Козырев', 'Владимирович', 'u341', 'b2d988b589453487b6c51624394fa0af', 'u341@cko-do.ru'),
(342, 'Иван', 'Волков', 'Александрович', 'u342', 'b2d988b589453487b6c51624394fa0af', 'u342@cko-do.ru'),
(343, 'Елена', 'Шумилова', 'Андреевна', 'u343', 'b2d988b589453487b6c51624394fa0af', 'u343@cko-do.ru'),
(344, 'Максим', 'Попов', 'Петрович', 'u344', 'b2d988b589453487b6c51624394fa0af', 'u344@cko-do.ru'),
(345, 'Елизавета', 'Федотова', 'Олеговна', 'u345', 'b2d988b589453487b6c51624394fa0af', 'u345@cko-do.ru'),
(346, 'Мария', 'Петрова', 'Владимировна', 'u346', 'b2d988b589453487b6c51624394fa0af', 'u346@cko-do.ru'),
(347, 'Мария', 'Федотова', 'Николаевна', 'u347', 'b2d988b589453487b6c51624394fa0af', 'u347@cko-do.ru'),
(348, 'Владимир', 'Карпов', 'Андреевич', 'u348', 'b2d988b589453487b6c51624394fa0af', 'u348@cko-do.ru'),
(349, 'Олег', 'Морозов', 'Александрович', 'u349', 'b2d988b589453487b6c51624394fa0af', 'u349@cko-do.ru'),
(350, 'Екатерина', 'Жукова', 'Александровна', 'u350', 'b2d988b589453487b6c51624394fa0af', 'u350@cko-do.ru'),
(351, 'Алексей', 'Попов', 'Петрович', 'u351', 'b2d988b589453487b6c51624394fa0af', 'u351@cko-do.ru'),
(352, 'Андрей', 'Миронов', 'Максимович', 'u352', 'b2d988b589453487b6c51624394fa0af', 'u352@cko-do.ru'),
(353, 'Максим', 'Волков', 'Владимирович', 'u353', 'b2d988b589453487b6c51624394fa0af', 'u353@cko-do.ru'),
(354, 'Елена', 'Васильева', 'Антоновна', 'u354', 'b2d988b589453487b6c51624394fa0af', 'u354@cko-do.ru'),
(355, 'Светлана', 'Шумилова', 'Андреевна', 'u355', 'b2d988b589453487b6c51624394fa0af', 'u355@cko-do.ru'),
(356, 'Максим', 'Николаев', 'Николаевич', 'u356', 'b2d988b589453487b6c51624394fa0af', 'u356@cko-do.ru'),
(357, 'Дмитрий', 'Цветков', 'Александрович', 'u357', 'b2d988b589453487b6c51624394fa0af', 'u357@cko-do.ru'),
(358, 'Юлия', 'Васильева', 'Петровна', 'u358', 'b2d988b589453487b6c51624394fa0af', 'u358@cko-do.ru'),
(359, 'Инна', 'Петрова', 'Николаевна', 'u359', 'b2d988b589453487b6c51624394fa0af', 'u359@cko-do.ru'),
(360, 'Владимир', 'Козырев', 'Александрович', 'u360', 'b2d988b589453487b6c51624394fa0af', 'u360@cko-do.ru'),
(361, 'Ксения', 'Степанова', 'Владимировна', 'u361', 'b2d988b589453487b6c51624394fa0af', 'u361@cko-do.ru'),
(362, 'Сергей', 'Морозов', 'Николаевич', 'u362', 'b2d988b589453487b6c51624394fa0af', 'u362@cko-do.ru'),
(363, 'Олег', 'Попов', 'Владимирович', 'u363', 'b2d988b589453487b6c51624394fa0af', 'u363@cko-do.ru'),
(364, 'Екатерина', 'Жукова', 'Сергеевна', 'u364', 'b2d988b589453487b6c51624394fa0af', 'u364@cko-do.ru'),
(365, 'Мария', 'Иванова', 'Сергеевна', 'u365', 'b2d988b589453487b6c51624394fa0af', 'u365@cko-do.ru'),
(366, 'Татьяна', 'Федотова', 'Петровна', 'u366', 'b2d988b589453487b6c51624394fa0af', 'u366@cko-do.ru'),
(367, 'Николай', 'Волков', 'Николаевич', 'u367', 'b2d988b589453487b6c51624394fa0af', 'u367@cko-do.ru'),
(368, 'Сергей', 'Михайлов', 'Андреевич', 'u368', 'b2d988b589453487b6c51624394fa0af', 'u368@cko-do.ru'),
(369, 'Артём', 'Голичников', 'Петрович', 'u369', 'b2d988b589453487b6c51624394fa0af', 'u369@cko-do.ru'),
(370, 'Татьяна', 'Шумилова', 'Николаевна', 'u370', 'b2d988b589453487b6c51624394fa0af', 'u370@cko-do.ru'),
(371, 'Елизавета', 'Степанова', 'Антоновна', 'u371', 'b2d988b589453487b6c51624394fa0af', 'u371@cko-do.ru'),
(372, 'Екатерина', 'Степанова', 'Сергеевна', 'u372', 'b2d988b589453487b6c51624394fa0af', 'u372@cko-do.ru'),
(373, 'Елизавета', 'Иванова', 'Владимировна', 'u373', 'b2d988b589453487b6c51624394fa0af', 'u373@cko-do.ru'),
(374, 'Владимир', 'Степанов', 'Александрович', 'u374', 'b2d988b589453487b6c51624394fa0af', 'u374@cko-do.ru'),
(375, 'Олег', 'Михайлов', 'Петрович', 'u375', 'b2d988b589453487b6c51624394fa0af', 'u375@cko-do.ru'),
(376, 'Светлана', 'Федотова', 'Николаевна', 'u376', 'b2d988b589453487b6c51624394fa0af', 'u376@cko-do.ru'),
(377, 'Ксения', 'Федотова', 'Сергеевна', 'u377', 'b2d988b589453487b6c51624394fa0af', 'u377@cko-do.ru'),
(378, 'Александр', 'Морозов', 'Александрович', 'u378', 'b2d988b589453487b6c51624394fa0af', 'u378@cko-do.ru'),
(379, 'Ксения', 'Федотова', 'Петровна', 'u379', 'b2d988b589453487b6c51624394fa0af', 'u379@cko-do.ru'),
(380, 'Артём', 'Морозов', 'Андреевич', 'u380', 'b2d988b589453487b6c51624394fa0af', 'u380@cko-do.ru'),
(381, 'Наталия', 'Кузьмина', 'Сергеевна', 'u381', 'b2d988b589453487b6c51624394fa0af', 'u381@cko-do.ru'),
(382, 'Иван', 'Попов', 'Сергеевич', 'u382', 'b2d988b589453487b6c51624394fa0af', 'u382@cko-do.ru'),
(383, 'Елена', 'Иванова', 'Петровна', 'u383', 'b2d988b589453487b6c51624394fa0af', 'u383@cko-do.ru'),
(384, 'Светлана', 'Кузьмина', 'Николаевна', 'u384', 'b2d988b589453487b6c51624394fa0af', 'u384@cko-do.ru'),
(385, 'Пётр', 'Морозов', 'Николаевич', 'u385', 'b2d988b589453487b6c51624394fa0af', 'u385@cko-do.ru'),
(386, 'Сергей', 'Степанов', 'Сергеевич', 'u386', 'b2d988b589453487b6c51624394fa0af', 'u386@cko-do.ru'),
(387, 'Мария', 'Кузьмина', 'Андреевна', 'u387', 'b2d988b589453487b6c51624394fa0af', 'u387@cko-do.ru'),
(388, 'Татьяна', 'Васильева', 'Андреевна', 'u388', 'b2d988b589453487b6c51624394fa0af', 'u388@cko-do.ru'),
(389, 'Мария', 'Васильева', 'Олеговна', 'u389', 'b2d988b589453487b6c51624394fa0af', 'u389@cko-do.ru'),
(390, 'Татьяна', 'Шумилова', 'Николаевна', 'u390', 'b2d988b589453487b6c51624394fa0af', 'u390@cko-do.ru'),
(391, 'Инна', 'Петрова', 'Олеговна', 'u391', 'b2d988b589453487b6c51624394fa0af', 'u391@cko-do.ru'),
(392, 'Екатерина', 'Степанова', 'Олеговна', 'u392', 'b2d988b589453487b6c51624394fa0af', 'u392@cko-do.ru'),
(393, 'Олег', 'Николаев', 'Антонович', 'u393', 'b2d988b589453487b6c51624394fa0af', 'u393@cko-do.ru'),
(394, 'Андрей', 'Миронов', 'Андреевич', 'u394', 'b2d988b589453487b6c51624394fa0af', 'u394@cko-do.ru'),
(395, 'Елена', 'Кузьмина', 'Сергеевна', 'u395', 'b2d988b589453487b6c51624394fa0af', 'u395@cko-do.ru'),
(396, 'Артём', 'Николаев', 'Сергеевич', 'u396', 'b2d988b589453487b6c51624394fa0af', 'u396@cko-do.ru'),
(397, 'Елизавета', 'Жукова', 'Максимовна', 'u397', 'b2d988b589453487b6c51624394fa0af', 'u397@cko-do.ru'),
(398, 'Ксения', 'Шумилова', 'Владимировна', 'u398', 'b2d988b589453487b6c51624394fa0af', 'u398@cko-do.ru'),
(399, 'Артём', 'Степанов', 'Андреевич', 'u399', 'b2d988b589453487b6c51624394fa0af', 'u399@cko-do.ru'),
(400, 'Николай', 'Степанов', 'Олегович', 'u400', 'b2d988b589453487b6c51624394fa0af', 'u400@cko-do.ru'),
(401, 'Юлия', 'Петрова', 'Сергеевна', 'u401', 'b2d988b589453487b6c51624394fa0af', 'u401@cko-do.ru'),
(402, 'Максим', 'Николаев', 'Александрович', 'u402', 'b2d988b589453487b6c51624394fa0af', 'u402@cko-do.ru'),
(403, 'Светлана', 'Жукова', 'Николаевна', 'u403', 'b2d988b589453487b6c51624394fa0af', 'u403@cko-do.ru'),
(404, 'Татьяна', 'Иванова', 'Антоновна', 'u404', 'b2d988b589453487b6c51624394fa0af', 'u404@cko-do.ru'),
(405, 'Артём', 'Михайлов', 'Олегович', 'u405', 'b2d988b589453487b6c51624394fa0af', 'u405@cko-do.ru'),
(406, 'Екатерина', 'Иванова', 'Владимировна', 'u406', 'b2d988b589453487b6c51624394fa0af', 'u406@cko-do.ru'),
(407, 'Артём', 'Волков', 'Максимович', 'u407', 'b2d988b589453487b6c51624394fa0af', 'u407@cko-do.ru'),
(408, 'Пётр', 'Голичников', 'Петрович', 'u408', 'b2d988b589453487b6c51624394fa0af', 'u408@cko-do.ru'),
(409, 'Сергей', 'Голичников', 'Николаевич', 'u409', 'b2d988b589453487b6c51624394fa0af', 'u409@cko-do.ru'),
(410, 'Андрей', 'Николаев', 'Владимирович', 'u410', 'b2d988b589453487b6c51624394fa0af', 'u410@cko-do.ru'),
(411, 'Ксения', 'Жукова', 'Андреевна', 'u411', 'b2d988b589453487b6c51624394fa0af', 'u411@cko-do.ru'),
(412, 'Олег', 'Морозов', 'Николаевич', 'u412', 'b2d988b589453487b6c51624394fa0af', 'u412@cko-do.ru'),
(413, 'Николай', 'Попов', 'Петрович', 'u413', 'b2d988b589453487b6c51624394fa0af', 'u413@cko-do.ru'),
(414, 'Екатерина', 'Кузьмина', 'Николаевна', 'u414', 'b2d988b589453487b6c51624394fa0af', 'u414@cko-do.ru'),
(415, 'Елена', 'Кузьмина', 'Петровна', 'u415', 'b2d988b589453487b6c51624394fa0af', 'u415@cko-do.ru'),
(416, 'Максим', 'Михайлов', 'Владимирович', 'u416', 'b2d988b589453487b6c51624394fa0af', 'u416@cko-do.ru'),
(417, 'Инна', 'Кузьмина', 'Николаевна', 'u417', 'b2d988b589453487b6c51624394fa0af', 'u417@cko-do.ru'),
(418, 'Антон', 'Цветков', 'Сергеевич', 'u418', 'b2d988b589453487b6c51624394fa0af', 'u418@cko-do.ru'),
(419, 'Наталия', 'Васильева', 'Николаевна', 'u419', 'b2d988b589453487b6c51624394fa0af', 'u419@cko-do.ru'),
(420, 'Алексей', 'Карпов', 'Владимирович', 'u420', 'b2d988b589453487b6c51624394fa0af', 'u420@cko-do.ru'),
(421, 'Наталия', 'Петрова', 'Антоновна', 'u421', 'b2d988b589453487b6c51624394fa0af', 'u421@cko-do.ru'),
(422, 'Татьяна', 'Иванова', 'Петровна', 'u422', 'b2d988b589453487b6c51624394fa0af', 'u422@cko-do.ru'),
(423, 'Екатерина', 'Жукова', 'Андреевна', 'u423', 'b2d988b589453487b6c51624394fa0af', 'u423@cko-do.ru'),
(424, 'Мария', 'Васильева', 'Петровна', 'u424', 'b2d988b589453487b6c51624394fa0af', 'u424@cko-do.ru'),
(425, 'Максим', 'Карпов', 'Антонович', 'u425', 'b2d988b589453487b6c51624394fa0af', 'u425@cko-do.ru'),
(426, 'Инна', 'Федотова', 'Антоновна', 'u426', 'b2d988b589453487b6c51624394fa0af', 'u426@cko-do.ru'),
(427, 'Инна', 'Шумилова', 'Андреевна', 'u427', 'b2d988b589453487b6c51624394fa0af', 'u427@cko-do.ru'),
(428, 'Светлана', 'Федотова', 'Александровна', 'u428', 'b2d988b589453487b6c51624394fa0af', 'u428@cko-do.ru'),
(429, 'Юлия', 'Федотова', 'Александровна', 'u429', 'b2d988b589453487b6c51624394fa0af', 'u429@cko-do.ru'),
(430, 'Андрей', 'Миронов', 'Максимович', 'u430', 'b2d988b589453487b6c51624394fa0af', 'u430@cko-do.ru'),
(431, 'Дмитрий', 'Цветков', 'Андреевич', 'u431', 'b2d988b589453487b6c51624394fa0af', 'u431@cko-do.ru'),
(432, 'Артём', 'Карпов', 'Владимирович', 'u432', 'b2d988b589453487b6c51624394fa0af', 'u432@cko-do.ru'),
(433, 'Елена', 'Васильева', 'Владимировна', 'u433', 'b2d988b589453487b6c51624394fa0af', 'u433@cko-do.ru'),
(434, 'Антон', 'Михайлов', 'Александрович', 'u434', 'b2d988b589453487b6c51624394fa0af', 'u434@cko-do.ru'),
(435, 'Антон', 'Голичников', 'Александрович', 'u435', 'b2d988b589453487b6c51624394fa0af', 'u435@cko-do.ru'),
(436, 'Олег', 'Цветков', 'Николаевич', 'u436', 'b2d988b589453487b6c51624394fa0af', 'u436@cko-do.ru'),
(437, 'Светлана', 'Васильева', 'Сергеевна', 'u437', 'b2d988b589453487b6c51624394fa0af', 'u437@cko-do.ru'),
(438, 'Пётр', 'Карпов', 'Петрович', 'u438', 'b2d988b589453487b6c51624394fa0af', 'u438@cko-do.ru'),
(439, 'Иван', 'Попов', 'Антонович', 'u439', 'b2d988b589453487b6c51624394fa0af', 'u439@cko-do.ru'),
(440, 'Николай', 'Миронов', 'Николаевич', 'u440', 'b2d988b589453487b6c51624394fa0af', 'u440@cko-do.ru'),
(441, 'Мария', 'Федотова', 'Андреевна', 'u441', 'b2d988b589453487b6c51624394fa0af', 'u441@cko-do.ru'),
(442, 'Андрей', 'Голичников', 'Антонович', 'u442', 'b2d988b589453487b6c51624394fa0af', 'u442@cko-do.ru'),
(443, 'Александр', 'Карпов', 'Олегович', 'u443', 'b2d988b589453487b6c51624394fa0af', 'u443@cko-do.ru'),
(444, 'Пётр', 'Николаев', 'Андреевич', 'u444', 'b2d988b589453487b6c51624394fa0af', 'u444@cko-do.ru'),
(445, 'Олег', 'Николаев', 'Максимович', 'u445', 'b2d988b589453487b6c51624394fa0af', 'u445@cko-do.ru'),
(446, 'Юлия', 'Степанова', 'Владимировна', 'u446', 'b2d988b589453487b6c51624394fa0af', 'u446@cko-do.ru'),
(447, 'Александр', 'Карпов', 'Александрович', 'u447', 'b2d988b589453487b6c51624394fa0af', 'u447@cko-do.ru'),
(448, 'Владимир', 'Морозов', 'Олегович', 'u448', 'b2d988b589453487b6c51624394fa0af', 'u448@cko-do.ru'),
(449, 'Дмитрий', 'Морозов', 'Николаевич', 'u449', 'b2d988b589453487b6c51624394fa0af', 'u449@cko-do.ru'),
(450, 'Пётр', 'Миронов', 'Андреевич', 'u450', 'b2d988b589453487b6c51624394fa0af', 'u450@cko-do.ru'),
(451, 'Ксения', 'Шумилова', 'Максимовна', 'u451', 'b2d988b589453487b6c51624394fa0af', 'u451@cko-do.ru'),
(452, 'Пётр', 'Голичников', 'Владимирович', 'u452', 'b2d988b589453487b6c51624394fa0af', 'u452@cko-do.ru'),
(453, 'Татьяна', 'Васильева', 'Владимировна', 'u453', 'b2d988b589453487b6c51624394fa0af', 'u453@cko-do.ru'),
(454, 'Владимир', 'Михайлов', 'Антонович', 'u454', 'b2d988b589453487b6c51624394fa0af', 'u454@cko-do.ru'),
(455, 'Инна', 'Иванова', 'Андреевна', 'u455', 'b2d988b589453487b6c51624394fa0af', 'u455@cko-do.ru'),
(456, 'Ксения', 'Степанова', 'Андреевна', 'u456', 'b2d988b589453487b6c51624394fa0af', 'u456@cko-do.ru'),
(457, 'Алексей', 'Николаев', 'Петрович', 'u457', 'b2d988b589453487b6c51624394fa0af', 'u457@cko-do.ru'),
(458, 'Татьяна', 'Иванова', 'Андреевна', 'u458', 'b2d988b589453487b6c51624394fa0af', 'u458@cko-do.ru'),
(459, 'Андрей', 'Николаев', 'Александрович', 'u459', 'b2d988b589453487b6c51624394fa0af', 'u459@cko-do.ru'),
(460, 'Дмитрий', 'Морозов', 'Петрович', 'u460', 'b2d988b589453487b6c51624394fa0af', 'u460@cko-do.ru'),
(461, 'Олег', 'Миронов', 'Сергеевич', 'u461', 'b2d988b589453487b6c51624394fa0af', 'u461@cko-do.ru'),
(462, 'Наталия', 'Степанова', 'Владимировна', 'u462', 'b2d988b589453487b6c51624394fa0af', 'u462@cko-do.ru'),
(463, 'Анна', 'Иванова', 'Андреевна', 'u463', 'b2d988b589453487b6c51624394fa0af', 'u463@cko-do.ru'),
(464, 'Николай', 'Попов', 'Олегович', 'u464', 'b2d988b589453487b6c51624394fa0af', 'u464@cko-do.ru'),
(465, 'Елизавета', 'Жукова', 'Сергеевна', 'u465', 'b2d988b589453487b6c51624394fa0af', 'u465@cko-do.ru'),
(466, 'Татьяна', 'Степанова', 'Андреевна', 'u466', 'b2d988b589453487b6c51624394fa0af', 'u466@cko-do.ru'),
(467, 'Елизавета', 'Федотова', 'Петровна', 'u467', 'b2d988b589453487b6c51624394fa0af', 'u467@cko-do.ru'),
(468, 'Мария', 'Петрова', 'Александровна', 'u468', 'b2d988b589453487b6c51624394fa0af', 'u468@cko-do.ru'),
(469, 'Елена', 'Жукова', 'Андреевна', 'u469', 'b2d988b589453487b6c51624394fa0af', 'u469@cko-do.ru'),
(470, 'Николай', 'Михайлов', 'Владимирович', 'u470', 'b2d988b589453487b6c51624394fa0af', 'u470@cko-do.ru'),
(471, 'Анна', 'Васильева', 'Александровна', 'u471', 'b2d988b589453487b6c51624394fa0af', 'u471@cko-do.ru'),
(472, 'Мария', 'Шумилова', 'Максимовна', 'u472', 'b2d988b589453487b6c51624394fa0af', 'u472@cko-do.ru'),
(473, 'Светлана', 'Шумилова', 'Александровна', 'u473', 'b2d988b589453487b6c51624394fa0af', 'u473@cko-do.ru'),
(474, 'Анна', 'Петрова', 'Олеговна', 'u474', 'b2d988b589453487b6c51624394fa0af', 'u474@cko-do.ru'),
(475, 'Анна', 'Иванова', 'Петровна', 'u475', 'b2d988b589453487b6c51624394fa0af', 'u475@cko-do.ru'),
(476, 'Александр', 'Миронов', 'Владимирович', 'u476', 'b2d988b589453487b6c51624394fa0af', 'u476@cko-do.ru'),
(477, 'Максим', 'Морозов', 'Максимович', 'u477', 'b2d988b589453487b6c51624394fa0af', 'u477@cko-do.ru'),
(478, 'Екатерина', 'Кузьмина', 'Владимировна', 'u478', 'b2d988b589453487b6c51624394fa0af', 'u478@cko-do.ru'),
(479, 'Ксения', 'Кузьмина', 'Николаевна', 'u479', 'b2d988b589453487b6c51624394fa0af', 'u479@cko-do.ru'),
(480, 'Инна', 'Степанова', 'Николаевна', 'u480', 'b2d988b589453487b6c51624394fa0af', 'u480@cko-do.ru'),
(481, 'Владимир', 'Михайлов', 'Антонович', 'u481', 'b2d988b589453487b6c51624394fa0af', 'u481@cko-do.ru'),
(482, 'Наталия', 'Федотова', 'Андреевна', 'u482', 'b2d988b589453487b6c51624394fa0af', 'u482@cko-do.ru'),
(483, 'Сергей', 'Цветков', 'Олегович', 'u483', 'b2d988b589453487b6c51624394fa0af', 'u483@cko-do.ru'),
(484, 'Наталия', 'Кузьмина', 'Владимировна', 'u484', 'b2d988b589453487b6c51624394fa0af', 'u484@cko-do.ru'),
(485, 'Юлия', 'Васильева', 'Андреевна', 'u485', 'b2d988b589453487b6c51624394fa0af', 'u485@cko-do.ru'),
(486, 'Владимир', 'Морозов', 'Владимирович', 'u486', 'b2d988b589453487b6c51624394fa0af', 'u486@cko-do.ru'),
(487, 'Анна', 'Петрова', 'Олеговна', 'u487', 'b2d988b589453487b6c51624394fa0af', 'u487@cko-do.ru'),
(488, 'Антон', 'Попов', 'Максимович', 'u488', 'b2d988b589453487b6c51624394fa0af', 'u488@cko-do.ru'),
(489, 'Елена', 'Иванова', 'Петровна', 'u489', 'b2d988b589453487b6c51624394fa0af', 'u489@cko-do.ru'),
(490, 'Елизавета', 'Шумилова', 'Петровна', 'u490', 'b2d988b589453487b6c51624394fa0af', 'u490@cko-do.ru');
INSERT INTO `users` (`u_id`, `u_firstname`, `u_lastname`, `u_patronymic`, `u_login`, `u_password`, `u_email`) VALUES
(491, 'Елизавета', 'Петрова', 'Олеговна', 'u491', 'b2d988b589453487b6c51624394fa0af', 'u491@cko-do.ru'),
(492, 'Наталия', 'Петрова', 'Петровна', 'u492', 'b2d988b589453487b6c51624394fa0af', 'u492@cko-do.ru'),
(493, 'Сергей', 'Николаев', 'Максимович', 'u493', 'b2d988b589453487b6c51624394fa0af', 'u493@cko-do.ru'),
(494, 'Екатерина', 'Шумилова', 'Петровна', 'u494', 'b2d988b589453487b6c51624394fa0af', 'u494@cko-do.ru'),
(495, 'Иван', 'Степанов', 'Николаевич', 'u495', 'b2d988b589453487b6c51624394fa0af', 'u495@cko-do.ru'),
(496, 'Владимир', 'Степанов', 'Александрович', 'u496', 'b2d988b589453487b6c51624394fa0af', 'u496@cko-do.ru'),
(497, 'Мария', 'Шумилова', 'Петровна', 'u497', 'b2d988b589453487b6c51624394fa0af', 'u497@cko-do.ru'),
(498, 'Андрей', 'Морозов', 'Петрович', 'u498', 'b2d988b589453487b6c51624394fa0af', 'u498@cko-do.ru'),
(499, 'Елена', 'Степанова', 'Николаевна', 'u499', 'b2d988b589453487b6c51624394fa0af', 'u499@cko-do.ru'),
(500, 'Сергей', 'Цветков', 'Петрович', 'u500', 'b2d988b589453487b6c51624394fa0af', 'u500@cko-do.ru');

--
-- Индексы сохранённых таблиц
--

--
-- Индексы таблицы `groups`
--
ALTER TABLE `groups`
  ADD PRIMARY KEY (`g_id`);

--
-- Индексы таблицы `study`
--
ALTER TABLE `study`
  ADD PRIMARY KEY (`s_id`),
  ADD UNIQUE KEY `s_u_id_2` (`s_u_id`,`s_g_id`),
  ADD KEY `s_u_id` (`s_u_id`),
  ADD KEY `s_g_id` (`s_g_id`);

--
-- Индексы таблицы `users`
--
ALTER TABLE `users`
  ADD PRIMARY KEY (`u_id`);

--
-- AUTO_INCREMENT для сохранённых таблиц
--

--
-- AUTO_INCREMENT для таблицы `groups`
--
ALTER TABLE `groups`
  MODIFY `g_id` int(11) NOT NULL AUTO_INCREMENT, AUTO_INCREMENT=15;
--
-- AUTO_INCREMENT для таблицы `study`
--
ALTER TABLE `study`
  MODIFY `s_id` int(11) NOT NULL AUTO_INCREMENT, AUTO_INCREMENT=1099;
--
-- AUTO_INCREMENT для таблицы `users`
--
ALTER TABLE `users`
  MODIFY `u_id` int(11) NOT NULL AUTO_INCREMENT, AUTO_INCREMENT=501;
--
-- Ограничения внешнего ключа сохраненных таблиц
--

--
-- Ограничения внешнего ключа таблицы `study`
--
ALTER TABLE `study`
  ADD CONSTRAINT `study_ibfk_1` FOREIGN KEY (`s_g_id`) REFERENCES `groups` (`g_id`) ON DELETE CASCADE ON UPDATE CASCADE,
  ADD CONSTRAINT `study_ibfk_2` FOREIGN KEY (`s_u_id`) REFERENCES `users` (`u_id`) ON DELETE CASCADE ON UPDATE CASCADE;
COMMIT;

/*!40101 SET CHARACTER_SET_CLIENT=@OLD_CHARACTER_SET_CLIENT */;
/*!40101 SET CHARACTER_SET_RESULTS=@OLD_CHARACTER_SET_RESULTS */;
/*!40101 SET COLLATION_CONNECTION=@OLD_COLLATION_CONNECTION */;
